!Series_title,Integrative multi-omics approach unveils underlying etiology of response to anti-PD1 in combination with anti-angiogenic therapy in recurrent ovarian cancer,,,,,,,,,,,,,,,,,,,,,,,,,,,,,,,,,,,,,,,,,,,,,,,,,,,,,,,,
!Series_geo_accession,GSE206422,,,,,,,,,,,,,,,,,,,,,,,,,,,,,,,,,,,,,,,,,,,,,,,,,,,,,,,,
!Series_status,Public on Jan 17 2023,,,,,,,,,,,,,,,,,,,,,,,,,,,,,,,,,,,,,,,,,,,,,,,,,,,,,,,,
!Series_submission_date,Jun 18 2022,,,,,,,,,,,,,,,,,,,,,,,,,,,,,,,,,,,,,,,,,,,,,,,,,,,,,,,,
!Series_last_update_date,Jan 17 2023,,,,,,,,,,,,,,,,,,,,,,,,,,,,,,,,,,,,,,,,,,,,,,,,,,,,,,,,
!Series_summary,"Metastatic ovarian cancer lacks curative and therapeutic options in the recurrent setting, particularly refractory or platinum-resistant disease. Our phase 2 clinical trial (NCT02853318) combined pembrolizumab with bevacizumab to enhance T cell infiltration to the tumor microenvironment and oral cyclophosphamide to deplete regulatory T cells. This trial accrued 40 heavily pretreated recurrent ovarian cancer patients and resulted in an objective response rate of 47.5%,  a median progression-free survival of 10 months, and disease control in 30% of patients over 12 months with good quality of life. To better assess the biological etiology underlying patient responses, we performed comprehensive molecular, immune, microbiome, and metabolic profiling in tumor, stroma, and fecal samples from patients on trial. Our unique findings point to predicted differences in T- and B-cell infiltration and glycerophospholipid dysregulation underlying combination therapeutic response. Overall, this study suggests the immune milieu may be leveraged as a target in non-responding patients to improve anti-tumor response and warrants further investigation.",,,,,,,,,,,,,,,,,,,,,,,,,,,,,,,,,,,,,,,,,,,,,,,,,,,,,,,,
!Series_overall_design,RNA-seq analysis of tumor samples from R and NR patients,,,,,,,,,,,,,,,,,,,,,,,,,,,,,,,,,,,,,,,,,,,,,,,,,,,,,,,,
!Series_type,Expression profiling by high throughput sequencing,,,,,,,,,,,,,,,,,,,,,,,,,,,,,,,,,,,,,,,,,,,,,,,,,,,,,,,,
!Series_contributor,"Spencer,R,Rosario",,,,,,,,,,,,,,,,,,,,,,,,,,,,,,,,,,,,,,,,,,,,,,,,,,,,,,,,
!Series_contributor,"Mark,D,Long",,,,,,,,,,,,,,,,,,,,,,,,,,,,,,,,,,,,,,,,,,,,,,,,,,,,,,,,
!Series_contributor,"Shanmuga,,Chilakapati",,,,,,,,,,,,,,,,,,,,,,,,,,,,,,,,,,,,,,,,,,,,,,,,,,,,,,,,
!Series_contributor,"Eduardo,,Cortes",,,,,,,,,,,,,,,,,,,,,,,,,,,,,,,,,,,,,,,,,,,,,,,,,,,,,,,,
!Series_contributor,"Sebastiano,,Battaglia",,,,,,,,,,,,,,,,,,,,,,,,,,,,,,,,,,,,,,,,,,,,,,,,,,,,,,,,
!Series_contributor,"Prashant,,Singh",,,,,,,,,,,,,,,,,,,,,,,,,,,,,,,,,,,,,,,,,,,,,,,,,,,,,,,,
!Series_contributor,"Jianmin,,Wang",,,,,,,,,,,,,,,,,,,,,,,,,,,,,,,,,,,,,,,,,,,,,,,,,,,,,,,,
!Series_contributor,"Katy,,Wang",,,,,,,,,,,,,,,,,,,,,,,,,,,,,,,,,,,,,,,,,,,,,,,,,,,,,,,,
!Series_contributor,"Kristopher,,Attwood",,,,,,,,,,,,,,,,,,,,,,,,,,,,,,,,,,,,,,,,,,,,,,,,,,,,,,,,
!Series_contributor,"Song,,Liu",,,,,,,,,,,,,,,,,,,,,,,,,,,,,,,,,,,,,,,,,,,,,,,,,,,,,,,,
!Series_contributor,"Suzanne,,Hess",,,,,,,,,,,,,,,,,,,,,,,,,,,,,,,,,,,,,,,,,,,,,,,,,,,,,,,,
!Series_contributor,"Robert,,McGray",,,,,,,,,,,,,,,,,,,,,,,,,,,,,,,,,,,,,,,,,,,,,,,,,,,,,,,,
!Series_contributor,"Kunle,,Odunsi",,,,,,,,,,,,,,,,,,,,,,,,,,,,,,,,,,,,,,,,,,,,,,,,,,,,,,,,
!Series_contributor,"Brahm,,Segal",,,,,,,,,,,,,,,,,,,,,,,,,,,,,,,,,,,,,,,,,,,,,,,,,,,,,,,,
!Series_contributor,"Gyorgy,,Paragh",,,,,,,,,,,,,,,,,,,,,,,,,,,,,,,,,,,,,,,,,,,,,,,,,,,,,,,,
!Series_contributor,"Jennifer,,Wargo",,,,,,,,,,,,,,,,,,,,,,,,,,,,,,,,,,,,,,,,,,,,,,,,,,,,,,,,
!Series_contributor,"Emese,,Zsiros",,,,,,,,,,,,,,,,,,,,,,,,,,,,,,,,,,,,,,,,,,,,,,,,,,,,,,,,
!Series_sample_id,GSM6253445 GSM6253446 GSM6253447 GSM6253448 GSM6253449 GSM6253450 GSM6253451 GSM6253452 GSM6253453 GSM6253454 GSM6253455 GSM6253456 GSM6253457 GSM6253458 GSM6253459 GSM6253460 GSM6253461 GSM6253462 GSM6253463 GSM6253464 GSM6253465 GSM6253466 GSM6253467 GSM6253468 GSM6253469 GSM6253470 GSM6253471 GSM6253472 GSM6253473 GSM6253474 GSM6253475 GSM6253476 GSM6253477 GSM6253478 GSM6253479 GSM6253480 GSM6253481 GSM6253482 GSM6253483 GSM6253484 GSM6253485 GSM6253486 GSM6253487 GSM6253488 GSM6253489 GSM6253490 GSM6253491 GSM6253492 GSM6253493 GSM6253494 GSM6253495 GSM6253496 GSM6253497 GSM6253498 GSM6253499 GSM6253500 GSM6253501 GSM6253502 GSM6253503 GSM6253504 GSM6253505 GSM6253506 GSM6253507 GSM6253508 GSM6253509 GSM6253510 GSM6253511 GSM6253512 GSM6253513 GSM6253514 GSM6253515 GSM6253516 GSM6253517 ,,,,,,,,,,,,,,,,,,,,,,,,,,,,,,,,,,,,,,,,,,,,,,,,,,,,,,,,
!Series_contact_name,"Eduardo,,Cortes",,,,,,,,,,,,,,,,,,,,,,,,,,,,,,,,,,,,,,,,,,,,,,,,,,,,,,,,
!Series_contact_email,eduardo.cortesgomez@roswellpark.org,,,,,,,,,,,,,,,,,,,,,,,,,,,,,,,,,,,,,,,,,,,,,,,,,,,,,,,,
!Series_contact_department,Biostatistics and Bioinformatics,,,,,,,,,,,,,,,,,,,,,,,,,,,,,,,,,,,,,,,,,,,,,,,,,,,,,,,,
!Series_contact_institute,ROSWELL PARK CANCER INSTITUTE,,,,,,,,,,,,,,,,,,,,,,,,,,,,,,,,,,,,,,,,,,,,,,,,,,,,,,,,
!Series_contact_address,ELM AND CARLTON STREETS,,,,,,,,,,,,,,,,,,,,,,,,,,,,,,,,,,,,,,,,,,,,,,,,,,,,,,,,
!Series_contact_city,BUFFALO,,,,,,,,,,,,,,,,,,,,,,,,,,,,,,,,,,,,,,,,,,,,,,,,,,,,,,,,
!Series_contact_state,NY,,,,,,,,,,,,,,,,,,,,,,,,,,,,,,,,,,,,,,,,,,,,,,,,,,,,,,,,
!Series_contact_zip/postal_code,14263,,,,,,,,,,,,,,,,,,,,,,,,,,,,,,,,,,,,,,,,,,,,,,,,,,,,,,,,
!Series_contact_country,USA,,,,,,,,,,,,,,,,,,,,,,,,,,,,,,,,,,,,,,,,,,,,,,,,,,,,,,,,
!Series_supplementary_file,ftp://ftp.ncbi.nlm.nih.gov/geo/series/GSE206nnn/GSE206422/suppl/GSE206422_RawCounts.csv.gz,,,,,,,,,,,,,,,,,,,,,,,,,,,,,,,,,,,,,,,,,,,,,,,,,,,,,,,,
!Series_platform_id,GPL24676,,,,,,,,,,,,,,,,,,,,,,,,,,,,,,,,,,,,,,,,,,,,,,,,,,,,,,,,
!Series_platform_taxid,9606,,,,,,,,,,,,,,,,,,,,,,,,,,,,,,,,,,,,,,,,,,,,,,,,,,,,,,,,
!Series_sample_taxid,9606,,,,,,,,,,,,,,,,,,,,,,,,,,,,,,,,,,,,,,,,,,,,,,,,,,,,,,,,
!Series_relation,BioProject: https://www.ncbi.nlm.nih.gov/bioproject/PRJNA850634,,,,,,,,,,,,,,,,,,,,,,,,,,,,,,,,,,,,,,,,,,,,,,,,,,,,,,,,
,,,,,,,,,,,,,,,,,,,,,,,,,,,,,,,,,,,,,,,,,,,,,,,,,,,,,,,,,
!Sample_title,1-BLBX,1-C4BX,1-EOTBX,2-BLBX,2-C4BX,4-BLBX,4-C4BX,5-BLBX,5-C4BX,6-BLBX,10-BLBX,11-BLBX,11-C4BX,11-EOTBX-1,11-EOTBX-2,12-BLBX,12-C4BX,13-BLBX,13-C4BX,14-BLBX,15-BLBX,15-C4BX,16-EOTBX,17-BLBX,19-EOTBX,20-BLBX,20-C4BX,21-BLBX,21-C4BX,21-EOTBX-1,21-EOTBX-2,23-BLBX,23-C4BX,24-BLBX,24-C4BX,25-BLBX,25-C4BX,29-BLBX,29-C4BX,30-BLBX,30-C4BX,32-BLBX,33-BLBX,33-C4BX,35-C4BX,37-BLBX,38-BLBX,39-BLBX,39-C4BX,42-C4BX,43-BLBX,44-EOTBX,48-BLBX,48-C4BX,49-BLBX,52-BLBX,52-C4BX
!Sample_geo_accession,GSM6253445,GSM6253446,GSM6253447,GSM6253448,GSM6253449,GSM6253452,GSM6253453,GSM6253454,GSM6253455,GSM6253457,GSM6253458,GSM6253460,GSM6253461,GSM6253462,GSM6253463,GSM6253465,GSM6253466,GSM6253467,GSM6253468,GSM6253469,GSM6253470,GSM6253471,GSM6253472,GSM6253474,GSM6253476,GSM6253478,GSM6253479,GSM6253480,GSM6253481,GSM6253482,GSM6253483,GSM6253484,GSM6253485,GSM6253487,GSM6253488,GSM6253489,GSM6253490,GSM6253492,GSM6253493,GSM6253494,GSM6253495,GSM6253497,GSM6253498,GSM6253499,GSM6253501,GSM6253502,GSM6253503,GSM6253504,GSM6253505,GSM6253507,GSM6253509,GSM6253510,GSM6253512,GSM6253513,GSM6253515,GSM6253516,GSM6253517
!Sample_status,Public on Jan 17 2023,Public on Jan 17 2023,Public on Jan 17 2023,Public on Jan 17 2023,Public on Jan 17 2023,Public on Jan 17 2023,Public on Jan 17 2023,Public on Jan 17 2023,Public on Jan 17 2023,Public on Jan 17 2023,Public on Jan 17 2023,Public on Jan 17 2023,Public on Jan 17 2023,Public on Jan 17 2023,Public on Jan 17 2023,Public on Jan 17 2023,Public on Jan 17 2023,Public on Jan 17 2023,Public on Jan 17 2023,Public on Jan 17 2023,Public on Jan 17 2023,Public on Jan 17 2023,Public on Jan 17 2023,Public on Jan 17 2023,Public on Jan 17 2023,Public on Jan 17 2023,Public on Jan 17 2023,Public on Jan 17 2023,Public on Jan 17 2023,Public on Jan 17 2023,Public on Jan 17 2023,Public on Jan 17 2023,Public on Jan 17 2023,Public on Jan 17 2023,Public on Jan 17 2023,Public on Jan 17 2023,Public on Jan 17 2023,Public on Jan 17 2023,Public on Jan 17 2023,Public on Jan 17 2023,Public on Jan 17 2023,Public on Jan 17 2023,Public on Jan 17 2023,Public on Jan 17 2023,Public on Jan 17 2023,Public on Jan 17 2023,Public on Jan 17 2023,Public on Jan 17 2023,Public on Jan 17 2023,Public on Jan 17 2023,Public on Jan 17 2023,Public on Jan 17 2023,Public on Jan 17 2023,Public on Jan 17 2023,Public on Jan 17 2023,Public on Jan 17 2023,Public on Jan 17 2023
!Sample_submission_date,Jun 18 2022,Jun 18 2022,Jun 18 2022,Jun 18 2022,Jun 18 2022,Jun 18 2022,Jun 18 2022,Jun 18 2022,Jun 18 2022,Jun 18 2022,Jun 18 2022,Jun 18 2022,Jun 18 2022,Jun 18 2022,Jun 18 2022,Jun 18 2022,Jun 18 2022,Jun 18 2022,Jun 18 2022,Jun 18 2022,Jun 18 2022,Jun 18 2022,Jun 18 2022,Jun 18 2022,Jun 18 2022,Jun 18 2022,Jun 18 2022,Jun 18 2022,Jun 18 2022,Jun 18 2022,Jun 18 2022,Jun 18 2022,Jun 18 2022,Jun 18 2022,Jun 18 2022,Jun 18 2022,Jun 18 2022,Jun 18 2022,Jun 18 2022,Jun 18 2022,Jun 18 2022,Jun 18 2022,Jun 18 2022,Jun 18 2022,Jun 18 2022,Jun 18 2022,Jun 18 2022,Jun 18 2022,Jun 18 2022,Jun 18 2022,Jun 18 2022,Jun 18 2022,Jun 18 2022,Jun 18 2022,Jun 18 2022,Jun 18 2022,Jun 18 2022
!Sample_last_update_date,Jan 17 2023,Jan 17 2023,Jan 17 2023,Jan 17 2023,Jan 17 2023,Jan 17 2023,Jan 17 2023,Jan 17 2023,Jan 17 2023,Jan 17 2023,Jan 17 2023,Jan 17 2023,Jan 17 2023,Jan 17 2023,Jan 17 2023,Jan 17 2023,Jan 17 2023,Jan 17 2023,Jan 17 2023,Jan 17 2023,Jan 17 2023,Jan 17 2023,Jan 17 2023,Jan 17 2023,Jan 17 2023,Jan 17 2023,Jan 17 2023,Jan 17 2023,Jan 17 2023,Jan 17 2023,Jan 17 2023,Jan 17 2023,Jan 17 2023,Jan 17 2023,Jan 17 2023,Jan 17 2023,Jan 17 2023,Jan 17 2023,Jan 17 2023,Jan 17 2023,Jan 17 2023,Jan 17 2023,Jan 17 2023,Jan 17 2023,Jan 17 2023,Jan 17 2023,Jan 17 2023,Jan 17 2023,Jan 17 2023,Jan 17 2023,Jan 17 2023,Jan 17 2023,Jan 17 2023,Jan 17 2023,Jan 17 2023,Jan 17 2023,Jan 17 2023
!Sample_type,SRA,SRA,SRA,SRA,SRA,SRA,SRA,SRA,SRA,SRA,SRA,SRA,SRA,SRA,SRA,SRA,SRA,SRA,SRA,SRA,SRA,SRA,SRA,SRA,SRA,SRA,SRA,SRA,SRA,SRA,SRA,SRA,SRA,SRA,SRA,SRA,SRA,SRA,SRA,SRA,SRA,SRA,SRA,SRA,SRA,SRA,SRA,SRA,SRA,SRA,SRA,SRA,SRA,SRA,SRA,SRA,SRA
!Sample_channel_count,1,1,1,1,1,1,1,1,1,1,1,1,1,1,1,1,1,1,1,1,1,1,1,1,1,1,1,1,1,1,1,1,1,1,1,1,1,1,1,1,1,1,1,1,1,1,1,1,1,1,1,1,1,1,1,1,1
!Sample_source_name_ch1,Tumor,Tumor,Tumor,Tumor,Tumor,Tumor,Tumor,Tumor,Tumor,Tumor,Tumor,Tumor,Tumor,Tumor,Tumor,Tumor,Tumor,Tumor,Tumor,Tumor,Tumor,Tumor,Tumor,Tumor,Tumor,Tumor,Tumor,Tumor,Tumor,Tumor,Tumor,Tumor,Tumor,Tumor,Tumor,Tumor,Tumor,Tumor,Tumor,Tumor,Tumor,Tumor,Tumor,Tumor,Tumor,Tumor,Tumor,Tumor,Tumor,Tumor,Tumor,Tumor,Tumor,Tumor,Tumor,Tumor,Tumor
!Sample_organism_ch1,Homo sapiens,Homo sapiens,Homo sapiens,Homo sapiens,Homo sapiens,Homo sapiens,Homo sapiens,Homo sapiens,Homo sapiens,Homo sapiens,Homo sapiens,Homo sapiens,Homo sapiens,Homo sapiens,Homo sapiens,Homo sapiens,Homo sapiens,Homo sapiens,Homo sapiens,Homo sapiens,Homo sapiens,Homo sapiens,Homo sapiens,Homo sapiens,Homo sapiens,Homo sapiens,Homo sapiens,Homo sapiens,Homo sapiens,Homo sapiens,Homo sapiens,Homo sapiens,Homo sapiens,Homo sapiens,Homo sapiens,Homo sapiens,Homo sapiens,Homo sapiens,Homo sapiens,Homo sapiens,Homo sapiens,Homo sapiens,Homo sapiens,Homo sapiens,Homo sapiens,Homo sapiens,Homo sapiens,Homo sapiens,Homo sapiens,Homo sapiens,Homo sapiens,Homo sapiens,Homo sapiens,Homo sapiens,Homo sapiens,Homo sapiens,Homo sapiens
!Sample_characteristics_ch1,tissue: Tumor,tissue: Tumor,tissue: Tumor,tissue: Tumor,tissue: Tumor,tissue: Tumor,tissue: Tumor,tissue: Tumor,tissue: Tumor,tissue: Tumor,tissue: Tumor,tissue: Tumor,tissue: Tumor,tissue: Tumor,tissue: Tumor,tissue: Tumor,tissue: Tumor,tissue: Tumor,tissue: Tumor,tissue: Tumor,tissue: Tumor,tissue: Tumor,tissue: Tumor,tissue: Tumor,tissue: Tumor,tissue: Tumor,tissue: Tumor,tissue: Tumor,tissue: Tumor,tissue: Tumor,tissue: Tumor,tissue: Tumor,tissue: Tumor,tissue: Tumor,tissue: Tumor,tissue: Tumor,tissue: Tumor,tissue: Tumor,tissue: Tumor,tissue: Tumor,tissue: Tumor,tissue: Tumor,tissue: Tumor,tissue: Tumor,tissue: Tumor,tissue: Tumor,tissue: Tumor,tissue: Tumor,tissue: Tumor,tissue: Tumor,tissue: Tumor,tissue: Tumor,tissue: Tumor,tissue: Tumor,tissue: Tumor,tissue: Tumor,tissue: Tumor
!Sample_characteristics_ch1,treatment: BLBX,treatment: C4BX,treatment: EOTBX,treatment: BLBX,treatment: C4BX,treatment: BLBX,treatment: C4BX,treatment: BLBX,treatment: C4BX,treatment: BLBX,treatment: BLBX,treatment: BLBX,treatment: C4BX,treatment: EOTBX,treatment: EOTBX,treatment: BLBX,treatment: C4BX,treatment: BLBX,treatment: C4BX,treatment: BLBX,treatment: BLBX,treatment: C4BX,treatment: EOTBX,treatment: BLBX,treatment: EOTBX,treatment: BLBX,treatment: C4BX,treatment: BLBX,treatment: C4BX,treatment: EOTBX,treatment: EOTBX,treatment: BLBX,treatment: C4BX,treatment: BLBX,treatment: C4BX,treatment: BLBX,treatment: C4BX,treatment: BLBX,treatment: C4BX,treatment: BLBX,treatment: C4BX,treatment: BLBX,treatment: BLBX,treatment: C4BX,treatment: C4BX,treatment: BLBX,treatment: BLBX,treatment: BLBX,treatment: C4BX,treatment: C4BX,treatment: BLBX,treatment: EOTBX,treatment: BLBX,treatment: C4BX,treatment: BLBX,treatment: BLBX,treatment: C4BX
!Sample_molecule_ch1,total RNA,total RNA,total RNA,total RNA,total RNA,total RNA,total RNA,total RNA,total RNA,total RNA,total RNA,total RNA,total RNA,total RNA,total RNA,total RNA,total RNA,total RNA,total RNA,total RNA,total RNA,total RNA,total RNA,total RNA,total RNA,total RNA,total RNA,total RNA,total RNA,total RNA,total RNA,total RNA,total RNA,total RNA,total RNA,total RNA,total RNA,total RNA,total RNA,total RNA,total RNA,total RNA,total RNA,total RNA,total RNA,total RNA,total RNA,total RNA,total RNA,total RNA,total RNA,total RNA,total RNA,total RNA,total RNA,total RNA,total RNA
!Sample_extract_protocol_ch1,Total RNA for Library Preparation and Sequencing analysis was purified from tumor tissue using the RNAeasy Plus Kit (QIAGEN) that included a genomic DNA elimination step.,Total RNA for Library Preparation and Sequencing analysis was purified from tumor tissue using the RNAeasy Plus Kit (QIAGEN) that included a genomic DNA elimination step.,Total RNA for Library Preparation and Sequencing analysis was purified from tumor tissue using the RNAeasy Plus Kit (QIAGEN) that included a genomic DNA elimination step.,Total RNA for Library Preparation and Sequencing analysis was purified from tumor tissue using the RNAeasy Plus Kit (QIAGEN) that included a genomic DNA elimination step.,Total RNA for Library Preparation and Sequencing analysis was purified from tumor tissue using the RNAeasy Plus Kit (QIAGEN) that included a genomic DNA elimination step.,Total RNA for Library Preparation and Sequencing analysis was purified from tumor tissue using the RNAeasy Plus Kit (QIAGEN) that included a genomic DNA elimination step.,Total RNA for Library Preparation and Sequencing analysis was purified from tumor tissue using the RNAeasy Plus Kit (QIAGEN) that included a genomic DNA elimination step.,Total RNA for Library Preparation and Sequencing analysis was purified from tumor tissue using the RNAeasy Plus Kit (QIAGEN) that included a genomic DNA elimination step.,Total RNA for Library Preparation and Sequencing analysis was purified from tumor tissue using the RNAeasy Plus Kit (QIAGEN) that included a genomic DNA elimination step.,Total RNA for Library Preparation and Sequencing analysis was purified from tumor tissue using the RNAeasy Plus Kit (QIAGEN) that included a genomic DNA elimination step.,Total RNA for Library Preparation and Sequencing analysis was purified from tumor tissue using the RNAeasy Plus Kit (QIAGEN) that included a genomic DNA elimination step.,Total RNA for Library Preparation and Sequencing analysis was purified from tumor tissue using the RNAeasy Plus Kit (QIAGEN) that included a genomic DNA elimination step.,Total RNA for Library Preparation and Sequencing analysis was purified from tumor tissue using the RNAeasy Plus Kit (QIAGEN) that included a genomic DNA elimination step.,Total RNA for Library Preparation and Sequencing analysis was purified from tumor tissue using the RNAeasy Plus Kit (QIAGEN) that included a genomic DNA elimination step.,Total RNA for Library Preparation and Sequencing analysis was purified from tumor tissue using the RNAeasy Plus Kit (QIAGEN) that included a genomic DNA elimination step.,Total RNA for Library Preparation and Sequencing analysis was purified from tumor tissue using the RNAeasy Plus Kit (QIAGEN) that included a genomic DNA elimination step.,Total RNA for Library Preparation and Sequencing analysis was purified from tumor tissue using the RNAeasy Plus Kit (QIAGEN) that included a genomic DNA elimination step.,Total RNA for Library Preparation and Sequencing analysis was purified from tumor tissue using the RNAeasy Plus Kit (QIAGEN) that included a genomic DNA elimination step.,Total RNA for Library Preparation and Sequencing analysis was purified from tumor tissue using the RNAeasy Plus Kit (QIAGEN) that included a genomic DNA elimination step.,Total RNA for Library Preparation and Sequencing analysis was purified from tumor tissue using the RNAeasy Plus Kit (QIAGEN) that included a genomic DNA elimination step.,Total RNA for Library Preparation and Sequencing analysis was purified from tumor tissue using the RNAeasy Plus Kit (QIAGEN) that included a genomic DNA elimination step.,Total RNA for Library Preparation and Sequencing analysis was purified from tumor tissue using the RNAeasy Plus Kit (QIAGEN) that included a genomic DNA elimination step.,Total RNA for Library Preparation and Sequencing analysis was purified from tumor tissue using the RNAeasy Plus Kit (QIAGEN) that included a genomic DNA elimination step.,Total RNA for Library Preparation and Sequencing analysis was purified from tumor tissue using the RNAeasy Plus Kit (QIAGEN) that included a genomic DNA elimination step.,Total RNA for Library Preparation and Sequencing analysis was purified from tumor tissue using the RNAeasy Plus Kit (QIAGEN) that included a genomic DNA elimination step.,Total RNA for Library Preparation and Sequencing analysis was purified from tumor tissue using the RNAeasy Plus Kit (QIAGEN) that included a genomic DNA elimination step.,Total RNA for Library Preparation and Sequencing analysis was purified from tumor tissue using the RNAeasy Plus Kit (QIAGEN) that included a genomic DNA elimination step.,Total RNA for Library Preparation and Sequencing analysis was purified from tumor tissue using the RNAeasy Plus Kit (QIAGEN) that included a genomic DNA elimination step.,Total RNA for Library Preparation and Sequencing analysis was purified from tumor tissue using the RNAeasy Plus Kit (QIAGEN) that included a genomic DNA elimination step.,Total RNA for Library Preparation and Sequencing analysis was purified from tumor tissue using the RNAeasy Plus Kit (QIAGEN) that included a genomic DNA elimination step.,Total RNA for Library Preparation and Sequencing analysis was purified from tumor tissue using the RNAeasy Plus Kit (QIAGEN) that included a genomic DNA elimination step.,Total RNA for Library Preparation and Sequencing analysis was purified from tumor tissue using the RNAeasy Plus Kit (QIAGEN) that included a genomic DNA elimination step.,Total RNA for Library Preparation and Sequencing analysis was purified from tumor tissue using the RNAeasy Plus Kit (QIAGEN) that included a genomic DNA elimination step.,Total RNA for Library Preparation and Sequencing analysis was purified from tumor tissue using the RNAeasy Plus Kit (QIAGEN) that included a genomic DNA elimination step.,Total RNA for Library Preparation and Sequencing analysis was purified from tumor tissue using the RNAeasy Plus Kit (QIAGEN) that included a genomic DNA elimination step.,Total RNA for Library Preparation and Sequencing analysis was purified from tumor tissue using the RNAeasy Plus Kit (QIAGEN) that included a genomic DNA elimination step.,Total RNA for Library Preparation and Sequencing analysis was purified from tumor tissue using the RNAeasy Plus Kit (QIAGEN) that included a genomic DNA elimination step.,Total RNA for Library Preparation and Sequencing analysis was purified from tumor tissue using the RNAeasy Plus Kit (QIAGEN) that included a genomic DNA elimination step.,Total RNA for Library Preparation and Sequencing analysis was purified from tumor tissue using the RNAeasy Plus Kit (QIAGEN) that included a genomic DNA elimination step.,Total RNA for Library Preparation and Sequencing analysis was purified from tumor tissue using the RNAeasy Plus Kit (QIAGEN) that included a genomic DNA elimination step.,Total RNA for Library Preparation and Sequencing analysis was purified from tumor tissue using the RNAeasy Plus Kit (QIAGEN) that included a genomic DNA elimination step.,Total RNA for Library Preparation and Sequencing analysis was purified from tumor tissue using the RNAeasy Plus Kit (QIAGEN) that included a genomic DNA elimination step.,Total RNA for Library Preparation and Sequencing analysis was purified from tumor tissue using the RNAeasy Plus Kit (QIAGEN) that included a genomic DNA elimination step.,Total RNA for Library Preparation and Sequencing analysis was purified from tumor tissue using the RNAeasy Plus Kit (QIAGEN) that included a genomic DNA elimination step.,Total RNA for Library Preparation and Sequencing analysis was purified from tumor tissue using the RNAeasy Plus Kit (QIAGEN) that included a genomic DNA elimination step.,Total RNA for Library Preparation and Sequencing analysis was purified from tumor tissue using the RNAeasy Plus Kit (QIAGEN) that included a genomic DNA elimination step.,Total RNA for Library Preparation and Sequencing analysis was purified from tumor tissue using the RNAeasy Plus Kit (QIAGEN) that included a genomic DNA elimination step.,Total RNA for Library Preparation and Sequencing analysis was purified from tumor tissue using the RNAeasy Plus Kit (QIAGEN) that included a genomic DNA elimination step.,Total RNA for Library Preparation and Sequencing analysis was purified from tumor tissue using the RNAeasy Plus Kit (QIAGEN) that included a genomic DNA elimination step.,Total RNA for Library Preparation and Sequencing analysis was purified from tumor tissue using the RNAeasy Plus Kit (QIAGEN) that included a genomic DNA elimination step.,Total RNA for Library Preparation and Sequencing analysis was purified from tumor tissue using the RNAeasy Plus Kit (QIAGEN) that included a genomic DNA elimination step.,Total RNA for Library Preparation and Sequencing analysis was purified from tumor tissue using the RNAeasy Plus Kit (QIAGEN) that included a genomic DNA elimination step.,Total RNA for Library Preparation and Sequencing analysis was purified from tumor tissue using the RNAeasy Plus Kit (QIAGEN) that included a genomic DNA elimination step.,Total RNA for Library Preparation and Sequencing analysis was purified from tumor tissue using the RNAeasy Plus Kit (QIAGEN) that included a genomic DNA elimination step.,Total RNA for Library Preparation and Sequencing analysis was purified from tumor tissue using the RNAeasy Plus Kit (QIAGEN) that included a genomic DNA elimination step.,Total RNA for Library Preparation and Sequencing analysis was purified from tumor tissue using the RNAeasy Plus Kit (QIAGEN) that included a genomic DNA elimination step.,Total RNA for Library Preparation and Sequencing analysis was purified from tumor tissue using the RNAeasy Plus Kit (QIAGEN) that included a genomic DNA elimination step.
!Sample_extract_protocol_ch1,"Coding RNA transcripts were enriched using human exome panel hybridization (Twist Biosciences).  Size, concentration, and integrity was verified using Agilent 2100 Bioanalyzer (Agilent Technologies). Libraries were generated using Illuminaƒ??s TruSeq RNA sample Prep Kit v3, following the manufacurerƒ??s protocol.","Coding RNA transcripts were enriched using human exome panel hybridization (Twist Biosciences).  Size, concentration, and integrity was verified using Agilent 2100 Bioanalyzer (Agilent Technologies). Libraries were generated using Illuminaƒ??s TruSeq RNA sample Prep Kit v3, following the manufacurerƒ??s protocol.","Coding RNA transcripts were enriched using human exome panel hybridization (Twist Biosciences).  Size, concentration, and integrity was verified using Agilent 2100 Bioanalyzer (Agilent Technologies). Libraries were generated using Illuminaƒ??s TruSeq RNA sample Prep Kit v3, following the manufacurerƒ??s protocol.","Coding RNA transcripts were enriched using human exome panel hybridization (Twist Biosciences).  Size, concentration, and integrity was verified using Agilent 2100 Bioanalyzer (Agilent Technologies). Libraries were generated using Illuminaƒ??s TruSeq RNA sample Prep Kit v3, following the manufacurerƒ??s protocol.","Coding RNA transcripts were enriched using human exome panel hybridization (Twist Biosciences).  Size, concentration, and integrity was verified using Agilent 2100 Bioanalyzer (Agilent Technologies). Libraries were generated using Illuminaƒ??s TruSeq RNA sample Prep Kit v3, following the manufacurerƒ??s protocol.","Coding RNA transcripts were enriched using human exome panel hybridization (Twist Biosciences).  Size, concentration, and integrity was verified using Agilent 2100 Bioanalyzer (Agilent Technologies). Libraries were generated using Illuminaƒ??s TruSeq RNA sample Prep Kit v3, following the manufacurerƒ??s protocol.","Coding RNA transcripts were enriched using human exome panel hybridization (Twist Biosciences).  Size, concentration, and integrity was verified using Agilent 2100 Bioanalyzer (Agilent Technologies). Libraries were generated using Illuminaƒ??s TruSeq RNA sample Prep Kit v3, following the manufacurerƒ??s protocol.","Coding RNA transcripts were enriched using human exome panel hybridization (Twist Biosciences).  Size, concentration, and integrity was verified using Agilent 2100 Bioanalyzer (Agilent Technologies). Libraries were generated using Illuminaƒ??s TruSeq RNA sample Prep Kit v3, following the manufacurerƒ??s protocol.","Coding RNA transcripts were enriched using human exome panel hybridization (Twist Biosciences).  Size, concentration, and integrity was verified using Agilent 2100 Bioanalyzer (Agilent Technologies). Libraries were generated using Illuminaƒ??s TruSeq RNA sample Prep Kit v3, following the manufacurerƒ??s protocol.","Coding RNA transcripts were enriched using human exome panel hybridization (Twist Biosciences).  Size, concentration, and integrity was verified using Agilent 2100 Bioanalyzer (Agilent Technologies). Libraries were generated using Illuminaƒ??s TruSeq RNA sample Prep Kit v3, following the manufacurerƒ??s protocol.","Coding RNA transcripts were enriched using human exome panel hybridization (Twist Biosciences).  Size, concentration, and integrity was verified using Agilent 2100 Bioanalyzer (Agilent Technologies). Libraries were generated using Illuminaƒ??s TruSeq RNA sample Prep Kit v3, following the manufacurerƒ??s protocol.","Coding RNA transcripts were enriched using human exome panel hybridization (Twist Biosciences).  Size, concentration, and integrity was verified using Agilent 2100 Bioanalyzer (Agilent Technologies). Libraries were generated using Illuminaƒ??s TruSeq RNA sample Prep Kit v3, following the manufacurerƒ??s protocol.","Coding RNA transcripts were enriched using human exome panel hybridization (Twist Biosciences).  Size, concentration, and integrity was verified using Agilent 2100 Bioanalyzer (Agilent Technologies). Libraries were generated using Illuminaƒ??s TruSeq RNA sample Prep Kit v3, following the manufacurerƒ??s protocol.","Coding RNA transcripts were enriched using human exome panel hybridization (Twist Biosciences).  Size, concentration, and integrity was verified using Agilent 2100 Bioanalyzer (Agilent Technologies). Libraries were generated using Illuminaƒ??s TruSeq RNA sample Prep Kit v3, following the manufacurerƒ??s protocol.","Coding RNA transcripts were enriched using human exome panel hybridization (Twist Biosciences).  Size, concentration, and integrity was verified using Agilent 2100 Bioanalyzer (Agilent Technologies). Libraries were generated using Illuminaƒ??s TruSeq RNA sample Prep Kit v3, following the manufacurerƒ??s protocol.","Coding RNA transcripts were enriched using human exome panel hybridization (Twist Biosciences).  Size, concentration, and integrity was verified using Agilent 2100 Bioanalyzer (Agilent Technologies). Libraries were generated using Illuminaƒ??s TruSeq RNA sample Prep Kit v3, following the manufacurerƒ??s protocol.","Coding RNA transcripts were enriched using human exome panel hybridization (Twist Biosciences).  Size, concentration, and integrity was verified using Agilent 2100 Bioanalyzer (Agilent Technologies). Libraries were generated using Illuminaƒ??s TruSeq RNA sample Prep Kit v3, following the manufacurerƒ??s protocol.","Coding RNA transcripts were enriched using human exome panel hybridization (Twist Biosciences).  Size, concentration, and integrity was verified using Agilent 2100 Bioanalyzer (Agilent Technologies). Libraries were generated using Illuminaƒ??s TruSeq RNA sample Prep Kit v3, following the manufacurerƒ??s protocol.","Coding RNA transcripts were enriched using human exome panel hybridization (Twist Biosciences).  Size, concentration, and integrity was verified using Agilent 2100 Bioanalyzer (Agilent Technologies). Libraries were generated using Illuminaƒ??s TruSeq RNA sample Prep Kit v3, following the manufacurerƒ??s protocol.","Coding RNA transcripts were enriched using human exome panel hybridization (Twist Biosciences).  Size, concentration, and integrity was verified using Agilent 2100 Bioanalyzer (Agilent Technologies). Libraries were generated using Illuminaƒ??s TruSeq RNA sample Prep Kit v3, following the manufacurerƒ??s protocol.","Coding RNA transcripts were enriched using human exome panel hybridization (Twist Biosciences).  Size, concentration, and integrity was verified using Agilent 2100 Bioanalyzer (Agilent Technologies). Libraries were generated using Illuminaƒ??s TruSeq RNA sample Prep Kit v3, following the manufacurerƒ??s protocol.","Coding RNA transcripts were enriched using human exome panel hybridization (Twist Biosciences).  Size, concentration, and integrity was verified using Agilent 2100 Bioanalyzer (Agilent Technologies). Libraries were generated using Illuminaƒ??s TruSeq RNA sample Prep Kit v3, following the manufacurerƒ??s protocol.","Coding RNA transcripts were enriched using human exome panel hybridization (Twist Biosciences).  Size, concentration, and integrity was verified using Agilent 2100 Bioanalyzer (Agilent Technologies). Libraries were generated using Illuminaƒ??s TruSeq RNA sample Prep Kit v3, following the manufacurerƒ??s protocol.","Coding RNA transcripts were enriched using human exome panel hybridization (Twist Biosciences).  Size, concentration, and integrity was verified using Agilent 2100 Bioanalyzer (Agilent Technologies). Libraries were generated using Illuminaƒ??s TruSeq RNA sample Prep Kit v3, following the manufacurerƒ??s protocol.","Coding RNA transcripts were enriched using human exome panel hybridization (Twist Biosciences).  Size, concentration, and integrity was verified using Agilent 2100 Bioanalyzer (Agilent Technologies). Libraries were generated using Illuminaƒ??s TruSeq RNA sample Prep Kit v3, following the manufacurerƒ??s protocol.","Coding RNA transcripts were enriched using human exome panel hybridization (Twist Biosciences).  Size, concentration, and integrity was verified using Agilent 2100 Bioanalyzer (Agilent Technologies). Libraries were generated using Illuminaƒ??s TruSeq RNA sample Prep Kit v3, following the manufacurerƒ??s protocol.","Coding RNA transcripts were enriched using human exome panel hybridization (Twist Biosciences).  Size, concentration, and integrity was verified using Agilent 2100 Bioanalyzer (Agilent Technologies). Libraries were generated using Illuminaƒ??s TruSeq RNA sample Prep Kit v3, following the manufacurerƒ??s protocol.","Coding RNA transcripts were enriched using human exome panel hybridization (Twist Biosciences).  Size, concentration, and integrity was verified using Agilent 2100 Bioanalyzer (Agilent Technologies). Libraries were generated using Illuminaƒ??s TruSeq RNA sample Prep Kit v3, following the manufacurerƒ??s protocol.","Coding RNA transcripts were enriched using human exome panel hybridization (Twist Biosciences).  Size, concentration, and integrity was verified using Agilent 2100 Bioanalyzer (Agilent Technologies). Libraries were generated using Illuminaƒ??s TruSeq RNA sample Prep Kit v3, following the manufacurerƒ??s protocol.","Coding RNA transcripts were enriched using human exome panel hybridization (Twist Biosciences).  Size, concentration, and integrity was verified using Agilent 2100 Bioanalyzer (Agilent Technologies). Libraries were generated using Illuminaƒ??s TruSeq RNA sample Prep Kit v3, following the manufacurerƒ??s protocol.","Coding RNA transcripts were enriched using human exome panel hybridization (Twist Biosciences).  Size, concentration, and integrity was verified using Agilent 2100 Bioanalyzer (Agilent Technologies). Libraries were generated using Illuminaƒ??s TruSeq RNA sample Prep Kit v3, following the manufacurerƒ??s protocol.","Coding RNA transcripts were enriched using human exome panel hybridization (Twist Biosciences).  Size, concentration, and integrity was verified using Agilent 2100 Bioanalyzer (Agilent Technologies). Libraries were generated using Illuminaƒ??s TruSeq RNA sample Prep Kit v3, following the manufacurerƒ??s protocol.","Coding RNA transcripts were enriched using human exome panel hybridization (Twist Biosciences).  Size, concentration, and integrity was verified using Agilent 2100 Bioanalyzer (Agilent Technologies). Libraries were generated using Illuminaƒ??s TruSeq RNA sample Prep Kit v3, following the manufacurerƒ??s protocol.","Coding RNA transcripts were enriched using human exome panel hybridization (Twist Biosciences).  Size, concentration, and integrity was verified using Agilent 2100 Bioanalyzer (Agilent Technologies). Libraries were generated using Illuminaƒ??s TruSeq RNA sample Prep Kit v3, following the manufacurerƒ??s protocol.","Coding RNA transcripts were enriched using human exome panel hybridization (Twist Biosciences).  Size, concentration, and integrity was verified using Agilent 2100 Bioanalyzer (Agilent Technologies). Libraries were generated using Illuminaƒ??s TruSeq RNA sample Prep Kit v3, following the manufacurerƒ??s protocol.","Coding RNA transcripts were enriched using human exome panel hybridization (Twist Biosciences).  Size, concentration, and integrity was verified using Agilent 2100 Bioanalyzer (Agilent Technologies). Libraries were generated using Illuminaƒ??s TruSeq RNA sample Prep Kit v3, following the manufacurerƒ??s protocol.","Coding RNA transcripts were enriched using human exome panel hybridization (Twist Biosciences).  Size, concentration, and integrity was verified using Agilent 2100 Bioanalyzer (Agilent Technologies). Libraries were generated using Illuminaƒ??s TruSeq RNA sample Prep Kit v3, following the manufacurerƒ??s protocol.","Coding RNA transcripts were enriched using human exome panel hybridization (Twist Biosciences).  Size, concentration, and integrity was verified using Agilent 2100 Bioanalyzer (Agilent Technologies). Libraries were generated using Illuminaƒ??s TruSeq RNA sample Prep Kit v3, following the manufacurerƒ??s protocol.","Coding RNA transcripts were enriched using human exome panel hybridization (Twist Biosciences).  Size, concentration, and integrity was verified using Agilent 2100 Bioanalyzer (Agilent Technologies). Libraries were generated using Illuminaƒ??s TruSeq RNA sample Prep Kit v3, following the manufacurerƒ??s protocol.","Coding RNA transcripts were enriched using human exome panel hybridization (Twist Biosciences).  Size, concentration, and integrity was verified using Agilent 2100 Bioanalyzer (Agilent Technologies). Libraries were generated using Illuminaƒ??s TruSeq RNA sample Prep Kit v3, following the manufacurerƒ??s protocol.","Coding RNA transcripts were enriched using human exome panel hybridization (Twist Biosciences).  Size, concentration, and integrity was verified using Agilent 2100 Bioanalyzer (Agilent Technologies). Libraries were generated using Illuminaƒ??s TruSeq RNA sample Prep Kit v3, following the manufacurerƒ??s protocol.","Coding RNA transcripts were enriched using human exome panel hybridization (Twist Biosciences).  Size, concentration, and integrity was verified using Agilent 2100 Bioanalyzer (Agilent Technologies). Libraries were generated using Illuminaƒ??s TruSeq RNA sample Prep Kit v3, following the manufacurerƒ??s protocol.","Coding RNA transcripts were enriched using human exome panel hybridization (Twist Biosciences).  Size, concentration, and integrity was verified using Agilent 2100 Bioanalyzer (Agilent Technologies). Libraries were generated using Illuminaƒ??s TruSeq RNA sample Prep Kit v3, following the manufacurerƒ??s protocol.","Coding RNA transcripts were enriched using human exome panel hybridization (Twist Biosciences).  Size, concentration, and integrity was verified using Agilent 2100 Bioanalyzer (Agilent Technologies). Libraries were generated using Illuminaƒ??s TruSeq RNA sample Prep Kit v3, following the manufacurerƒ??s protocol.","Coding RNA transcripts were enriched using human exome panel hybridization (Twist Biosciences).  Size, concentration, and integrity was verified using Agilent 2100 Bioanalyzer (Agilent Technologies). Libraries were generated using Illuminaƒ??s TruSeq RNA sample Prep Kit v3, following the manufacurerƒ??s protocol.","Coding RNA transcripts were enriched using human exome panel hybridization (Twist Biosciences).  Size, concentration, and integrity was verified using Agilent 2100 Bioanalyzer (Agilent Technologies). Libraries were generated using Illuminaƒ??s TruSeq RNA sample Prep Kit v3, following the manufacurerƒ??s protocol.","Coding RNA transcripts were enriched using human exome panel hybridization (Twist Biosciences).  Size, concentration, and integrity was verified using Agilent 2100 Bioanalyzer (Agilent Technologies). Libraries were generated using Illuminaƒ??s TruSeq RNA sample Prep Kit v3, following the manufacurerƒ??s protocol.","Coding RNA transcripts were enriched using human exome panel hybridization (Twist Biosciences).  Size, concentration, and integrity was verified using Agilent 2100 Bioanalyzer (Agilent Technologies). Libraries were generated using Illuminaƒ??s TruSeq RNA sample Prep Kit v3, following the manufacurerƒ??s protocol.","Coding RNA transcripts were enriched using human exome panel hybridization (Twist Biosciences).  Size, concentration, and integrity was verified using Agilent 2100 Bioanalyzer (Agilent Technologies). Libraries were generated using Illuminaƒ??s TruSeq RNA sample Prep Kit v3, following the manufacurerƒ??s protocol.","Coding RNA transcripts were enriched using human exome panel hybridization (Twist Biosciences).  Size, concentration, and integrity was verified using Agilent 2100 Bioanalyzer (Agilent Technologies). Libraries were generated using Illuminaƒ??s TruSeq RNA sample Prep Kit v3, following the manufacurerƒ??s protocol.","Coding RNA transcripts were enriched using human exome panel hybridization (Twist Biosciences).  Size, concentration, and integrity was verified using Agilent 2100 Bioanalyzer (Agilent Technologies). Libraries were generated using Illuminaƒ??s TruSeq RNA sample Prep Kit v3, following the manufacurerƒ??s protocol.","Coding RNA transcripts were enriched using human exome panel hybridization (Twist Biosciences).  Size, concentration, and integrity was verified using Agilent 2100 Bioanalyzer (Agilent Technologies). Libraries were generated using Illuminaƒ??s TruSeq RNA sample Prep Kit v3, following the manufacurerƒ??s protocol.","Coding RNA transcripts were enriched using human exome panel hybridization (Twist Biosciences).  Size, concentration, and integrity was verified using Agilent 2100 Bioanalyzer (Agilent Technologies). Libraries were generated using Illuminaƒ??s TruSeq RNA sample Prep Kit v3, following the manufacurerƒ??s protocol.","Coding RNA transcripts were enriched using human exome panel hybridization (Twist Biosciences).  Size, concentration, and integrity was verified using Agilent 2100 Bioanalyzer (Agilent Technologies). Libraries were generated using Illuminaƒ??s TruSeq RNA sample Prep Kit v3, following the manufacurerƒ??s protocol.","Coding RNA transcripts were enriched using human exome panel hybridization (Twist Biosciences).  Size, concentration, and integrity was verified using Agilent 2100 Bioanalyzer (Agilent Technologies). Libraries were generated using Illuminaƒ??s TruSeq RNA sample Prep Kit v3, following the manufacurerƒ??s protocol.","Coding RNA transcripts were enriched using human exome panel hybridization (Twist Biosciences).  Size, concentration, and integrity was verified using Agilent 2100 Bioanalyzer (Agilent Technologies). Libraries were generated using Illuminaƒ??s TruSeq RNA sample Prep Kit v3, following the manufacurerƒ??s protocol.","Coding RNA transcripts were enriched using human exome panel hybridization (Twist Biosciences).  Size, concentration, and integrity was verified using Agilent 2100 Bioanalyzer (Agilent Technologies). Libraries were generated using Illuminaƒ??s TruSeq RNA sample Prep Kit v3, following the manufacurerƒ??s protocol."
!Sample_extract_protocol_ch1,Sequencing of 8ƒ??10 pM of each library was done on the NovaSeq sequencer as 100bp paired-end read runs.,Sequencing of 8ƒ??10 pM of each library was done on the NovaSeq sequencer as 100bp paired-end read runs.,Sequencing of 8ƒ??10 pM of each library was done on the NovaSeq sequencer as 100bp paired-end read runs.,Sequencing of 8ƒ??10 pM of each library was done on the NovaSeq sequencer as 100bp paired-end read runs.,Sequencing of 8ƒ??10 pM of each library was done on the NovaSeq sequencer as 100bp paired-end read runs.,Sequencing of 8ƒ??10 pM of each library was done on the NovaSeq sequencer as 100bp paired-end read runs.,Sequencing of 8ƒ??10 pM of each library was done on the NovaSeq sequencer as 100bp paired-end read runs.,Sequencing of 8ƒ??10 pM of each library was done on the NovaSeq sequencer as 100bp paired-end read runs.,Sequencing of 8ƒ??10 pM of each library was done on the NovaSeq sequencer as 100bp paired-end read runs.,Sequencing of 8ƒ??10 pM of each library was done on the NovaSeq sequencer as 100bp paired-end read runs.,Sequencing of 8ƒ??10 pM of each library was done on the NovaSeq sequencer as 100bp paired-end read runs.,Sequencing of 8ƒ??10 pM of each library was done on the NovaSeq sequencer as 100bp paired-end read runs.,Sequencing of 8ƒ??10 pM of each library was done on the NovaSeq sequencer as 100bp paired-end read runs.,Sequencing of 8ƒ??10 pM of each library was done on the NovaSeq sequencer as 100bp paired-end read runs.,Sequencing of 8ƒ??10 pM of each library was done on the NovaSeq sequencer as 100bp paired-end read runs.,Sequencing of 8ƒ??10 pM of each library was done on the NovaSeq sequencer as 100bp paired-end read runs.,Sequencing of 8ƒ??10 pM of each library was done on the NovaSeq sequencer as 100bp paired-end read runs.,Sequencing of 8ƒ??10 pM of each library was done on the NovaSeq sequencer as 100bp paired-end read runs.,Sequencing of 8ƒ??10 pM of each library was done on the NovaSeq sequencer as 100bp paired-end read runs.,Sequencing of 8ƒ??10 pM of each library was done on the NovaSeq sequencer as 100bp paired-end read runs.,Sequencing of 8ƒ??10 pM of each library was done on the NovaSeq sequencer as 100bp paired-end read runs.,Sequencing of 8ƒ??10 pM of each library was done on the NovaSeq sequencer as 100bp paired-end read runs.,Sequencing of 8ƒ??10 pM of each library was done on the NovaSeq sequencer as 100bp paired-end read runs.,Sequencing of 8ƒ??10 pM of each library was done on the NovaSeq sequencer as 100bp paired-end read runs.,Sequencing of 8ƒ??10 pM of each library was done on the NovaSeq sequencer as 100bp paired-end read runs.,Sequencing of 8ƒ??10 pM of each library was done on the NovaSeq sequencer as 100bp paired-end read runs.,Sequencing of 8ƒ??10 pM of each library was done on the NovaSeq sequencer as 100bp paired-end read runs.,Sequencing of 8ƒ??10 pM of each library was done on the NovaSeq sequencer as 100bp paired-end read runs.,Sequencing of 8ƒ??10 pM of each library was done on the NovaSeq sequencer as 100bp paired-end read runs.,Sequencing of 8ƒ??10 pM of each library was done on the NovaSeq sequencer as 100bp paired-end read runs.,Sequencing of 8ƒ??10 pM of each library was done on the NovaSeq sequencer as 100bp paired-end read runs.,Sequencing of 8ƒ??10 pM of each library was done on the NovaSeq sequencer as 100bp paired-end read runs.,Sequencing of 8ƒ??10 pM of each library was done on the NovaSeq sequencer as 100bp paired-end read runs.,Sequencing of 8ƒ??10 pM of each library was done on the NovaSeq sequencer as 100bp paired-end read runs.,Sequencing of 8ƒ??10 pM of each library was done on the NovaSeq sequencer as 100bp paired-end read runs.,Sequencing of 8ƒ??10 pM of each library was done on the NovaSeq sequencer as 100bp paired-end read runs.,Sequencing of 8ƒ??10 pM of each library was done on the NovaSeq sequencer as 100bp paired-end read runs.,Sequencing of 8ƒ??10 pM of each library was done on the NovaSeq sequencer as 100bp paired-end read runs.,Sequencing of 8ƒ??10 pM of each library was done on the NovaSeq sequencer as 100bp paired-end read runs.,Sequencing of 8ƒ??10 pM of each library was done on the NovaSeq sequencer as 100bp paired-end read runs.,Sequencing of 8ƒ??10 pM of each library was done on the NovaSeq sequencer as 100bp paired-end read runs.,Sequencing of 8ƒ??10 pM of each library was done on the NovaSeq sequencer as 100bp paired-end read runs.,Sequencing of 8ƒ??10 pM of each library was done on the NovaSeq sequencer as 100bp paired-end read runs.,Sequencing of 8ƒ??10 pM of each library was done on the NovaSeq sequencer as 100bp paired-end read runs.,Sequencing of 8ƒ??10 pM of each library was done on the NovaSeq sequencer as 100bp paired-end read runs.,Sequencing of 8ƒ??10 pM of each library was done on the NovaSeq sequencer as 100bp paired-end read runs.,Sequencing of 8ƒ??10 pM of each library was done on the NovaSeq sequencer as 100bp paired-end read runs.,Sequencing of 8ƒ??10 pM of each library was done on the NovaSeq sequencer as 100bp paired-end read runs.,Sequencing of 8ƒ??10 pM of each library was done on the NovaSeq sequencer as 100bp paired-end read runs.,Sequencing of 8ƒ??10 pM of each library was done on the NovaSeq sequencer as 100bp paired-end read runs.,Sequencing of 8ƒ??10 pM of each library was done on the NovaSeq sequencer as 100bp paired-end read runs.,Sequencing of 8ƒ??10 pM of each library was done on the NovaSeq sequencer as 100bp paired-end read runs.,Sequencing of 8ƒ??10 pM of each library was done on the NovaSeq sequencer as 100bp paired-end read runs.,Sequencing of 8ƒ??10 pM of each library was done on the NovaSeq sequencer as 100bp paired-end read runs.,Sequencing of 8ƒ??10 pM of each library was done on the NovaSeq sequencer as 100bp paired-end read runs.,Sequencing of 8ƒ??10 pM of each library was done on the NovaSeq sequencer as 100bp paired-end read runs.,Sequencing of 8ƒ??10 pM of each library was done on the NovaSeq sequencer as 100bp paired-end read runs.
!Sample_taxid_ch1,9606,9606,9606,9606,9606,9606,9606,9606,9606,9606,9606,9606,9606,9606,9606,9606,9606,9606,9606,9606,9606,9606,9606,9606,9606,9606,9606,9606,9606,9606,9606,9606,9606,9606,9606,9606,9606,9606,9606,9606,9606,9606,9606,9606,9606,9606,9606,9606,9606,9606,9606,9606,9606,9606,9606,9606,9606
!Sample_description,RS-03453959,RS-03453960,RS-03453961,RS-03453963,RS-03453964,RS-03453966,RS-03453967,RS-03453969,RS-03453970,RS-03453971,RS-03453972,RS-03453974,RS-03453975,RS-03453976,RS-03453977,RS-03453979,RS-03453980,RS-03453981,RS-03453982,RS-03453983,RS-03453984,RS-03453985,RS-03453987,RS-03453989,RS-03453991,RS-03453992,RS-03453993,RS-03453994,RS-03453995,RS-03453996,RS-03453997,RS-03453999,RS-03454000,RS-03454001,RS-03454002,RS-03454003,RS-03454004,RS-03454006,RS-03454007,RS-03454009,RS-03454010,RS-03454011,RS-03454012,RS-03454013,RS-03454015,RS-03454016,RS-03454017,RS-03454019,RS-03454028,RS-03454025,RS-03454020,RS-03454026,RS-03454024,RS-03454022,RS-03454023,RS-03454021,RS-03454027
!Sample_data_processing,Basecalls performed using CASAVA version 1.8.2,Basecalls performed using CASAVA version 1.8.2,Basecalls performed using CASAVA version 1.8.2,Basecalls performed using CASAVA version 1.8.2,Basecalls performed using CASAVA version 1.8.2,Basecalls performed using CASAVA version 1.8.2,Basecalls performed using CASAVA version 1.8.2,Basecalls performed using CASAVA version 1.8.2,Basecalls performed using CASAVA version 1.8.2,Basecalls performed using CASAVA version 1.8.2,Basecalls performed using CASAVA version 1.8.2,Basecalls performed using CASAVA version 1.8.2,Basecalls performed using CASAVA version 1.8.2,Basecalls performed using CASAVA version 1.8.2,Basecalls performed using CASAVA version 1.8.2,Basecalls performed using CASAVA version 1.8.2,Basecalls performed using CASAVA version 1.8.2,Basecalls performed using CASAVA version 1.8.2,Basecalls performed using CASAVA version 1.8.2,Basecalls performed using CASAVA version 1.8.2,Basecalls performed using CASAVA version 1.8.2,Basecalls performed using CASAVA version 1.8.2,Basecalls performed using CASAVA version 1.8.2,Basecalls performed using CASAVA version 1.8.2,Basecalls performed using CASAVA version 1.8.2,Basecalls performed using CASAVA version 1.8.2,Basecalls performed using CASAVA version 1.8.2,Basecalls performed using CASAVA version 1.8.2,Basecalls performed using CASAVA version 1.8.2,Basecalls performed using CASAVA version 1.8.2,Basecalls performed using CASAVA version 1.8.2,Basecalls performed using CASAVA version 1.8.2,Basecalls performed using CASAVA version 1.8.2,Basecalls performed using CASAVA version 1.8.2,Basecalls performed using CASAVA version 1.8.2,Basecalls performed using CASAVA version 1.8.2,Basecalls performed using CASAVA version 1.8.2,Basecalls performed using CASAVA version 1.8.2,Basecalls performed using CASAVA version 1.8.2,Basecalls performed using CASAVA version 1.8.2,Basecalls performed using CASAVA version 1.8.2,Basecalls performed using CASAVA version 1.8.2,Basecalls performed using CASAVA version 1.8.2,Basecalls performed using CASAVA version 1.8.2,Basecalls performed using CASAVA version 1.8.2,Basecalls performed using CASAVA version 1.8.2,Basecalls performed using CASAVA version 1.8.2,Basecalls performed using CASAVA version 1.8.2,Basecalls performed using CASAVA version 1.8.2,Basecalls performed using CASAVA version 1.8.2,Basecalls performed using CASAVA version 1.8.2,Basecalls performed using CASAVA version 1.8.2,Basecalls performed using CASAVA version 1.8.2,Basecalls performed using CASAVA version 1.8.2,Basecalls performed using CASAVA version 1.8.2,Basecalls performed using CASAVA version 1.8.2,Basecalls performed using CASAVA version 1.8.2
!Sample_data_processing,Sequenced reads were mapped to GRCh38 reference GENCODE (p7) annotation (v25) using Tophat (v2.1.1),Sequenced reads were mapped to GRCh38 reference GENCODE (p7) annotation (v25) using Tophat (v2.1.1),Sequenced reads were mapped to GRCh38 reference GENCODE (p7) annotation (v25) using Tophat (v2.1.1),Sequenced reads were mapped to GRCh38 reference GENCODE (p7) annotation (v25) using Tophat (v2.1.1),Sequenced reads were mapped to GRCh38 reference GENCODE (p7) annotation (v25) using Tophat (v2.1.1),Sequenced reads were mapped to GRCh38 reference GENCODE (p7) annotation (v25) using Tophat (v2.1.1),Sequenced reads were mapped to GRCh38 reference GENCODE (p7) annotation (v25) using Tophat (v2.1.1),Sequenced reads were mapped to GRCh38 reference GENCODE (p7) annotation (v25) using Tophat (v2.1.1),Sequenced reads were mapped to GRCh38 reference GENCODE (p7) annotation (v25) using Tophat (v2.1.1),Sequenced reads were mapped to GRCh38 reference GENCODE (p7) annotation (v25) using Tophat (v2.1.1),Sequenced reads were mapped to GRCh38 reference GENCODE (p7) annotation (v25) using Tophat (v2.1.1),Sequenced reads were mapped to GRCh38 reference GENCODE (p7) annotation (v25) using Tophat (v2.1.1),Sequenced reads were mapped to GRCh38 reference GENCODE (p7) annotation (v25) using Tophat (v2.1.1),Sequenced reads were mapped to GRCh38 reference GENCODE (p7) annotation (v25) using Tophat (v2.1.1),Sequenced reads were mapped to GRCh38 reference GENCODE (p7) annotation (v25) using Tophat (v2.1.1),Sequenced reads were mapped to GRCh38 reference GENCODE (p7) annotation (v25) using Tophat (v2.1.1),Sequenced reads were mapped to GRCh38 reference GENCODE (p7) annotation (v25) using Tophat (v2.1.1),Sequenced reads were mapped to GRCh38 reference GENCODE (p7) annotation (v25) using Tophat (v2.1.1),Sequenced reads were mapped to GRCh38 reference GENCODE (p7) annotation (v25) using Tophat (v2.1.1),Sequenced reads were mapped to GRCh38 reference GENCODE (p7) annotation (v25) using Tophat (v2.1.1),Sequenced reads were mapped to GRCh38 reference GENCODE (p7) annotation (v25) using Tophat (v2.1.1),Sequenced reads were mapped to GRCh38 reference GENCODE (p7) annotation (v25) using Tophat (v2.1.1),Sequenced reads were mapped to GRCh38 reference GENCODE (p7) annotation (v25) using Tophat (v2.1.1),Sequenced reads were mapped to GRCh38 reference GENCODE (p7) annotation (v25) using Tophat (v2.1.1),Sequenced reads were mapped to GRCh38 reference GENCODE (p7) annotation (v25) using Tophat (v2.1.1),Sequenced reads were mapped to GRCh38 reference GENCODE (p7) annotation (v25) using Tophat (v2.1.1),Sequenced reads were mapped to GRCh38 reference GENCODE (p7) annotation (v25) using Tophat (v2.1.1),Sequenced reads were mapped to GRCh38 reference GENCODE (p7) annotation (v25) using Tophat (v2.1.1),Sequenced reads were mapped to GRCh38 reference GENCODE (p7) annotation (v25) using Tophat (v2.1.1),Sequenced reads were mapped to GRCh38 reference GENCODE (p7) annotation (v25) using Tophat (v2.1.1),Sequenced reads were mapped to GRCh38 reference GENCODE (p7) annotation (v25) using Tophat (v2.1.1),Sequenced reads were mapped to GRCh38 reference GENCODE (p7) annotation (v25) using Tophat (v2.1.1),Sequenced reads were mapped to GRCh38 reference GENCODE (p7) annotation (v25) using Tophat (v2.1.1),Sequenced reads were mapped to GRCh38 reference GENCODE (p7) annotation (v25) using Tophat (v2.1.1),Sequenced reads were mapped to GRCh38 reference GENCODE (p7) annotation (v25) using Tophat (v2.1.1),Sequenced reads were mapped to GRCh38 reference GENCODE (p7) annotation (v25) using Tophat (v2.1.1),Sequenced reads were mapped to GRCh38 reference GENCODE (p7) annotation (v25) using Tophat (v2.1.1),Sequenced reads were mapped to GRCh38 reference GENCODE (p7) annotation (v25) using Tophat (v2.1.1),Sequenced reads were mapped to GRCh38 reference GENCODE (p7) annotation (v25) using Tophat (v2.1.1),Sequenced reads were mapped to GRCh38 reference GENCODE (p7) annotation (v25) using Tophat (v2.1.1),Sequenced reads were mapped to GRCh38 reference GENCODE (p7) annotation (v25) using Tophat (v2.1.1),Sequenced reads were mapped to GRCh38 reference GENCODE (p7) annotation (v25) using Tophat (v2.1.1),Sequenced reads were mapped to GRCh38 reference GENCODE (p7) annotation (v25) using Tophat (v2.1.1),Sequenced reads were mapped to GRCh38 reference GENCODE (p7) annotation (v25) using Tophat (v2.1.1),Sequenced reads were mapped to GRCh38 reference GENCODE (p7) annotation (v25) using Tophat (v2.1.1),Sequenced reads were mapped to GRCh38 reference GENCODE (p7) annotation (v25) using Tophat (v2.1.1),Sequenced reads were mapped to GRCh38 reference GENCODE (p7) annotation (v25) using Tophat (v2.1.1),Sequenced reads were mapped to GRCh38 reference GENCODE (p7) annotation (v25) using Tophat (v2.1.1),Sequenced reads were mapped to GRCh38 reference GENCODE (p7) annotation (v25) using Tophat (v2.1.1),Sequenced reads were mapped to GRCh38 reference GENCODE (p7) annotation (v25) using Tophat (v2.1.1),Sequenced reads were mapped to GRCh38 reference GENCODE (p7) annotation (v25) using Tophat (v2.1.1),Sequenced reads were mapped to GRCh38 reference GENCODE (p7) annotation (v25) using Tophat (v2.1.1),Sequenced reads were mapped to GRCh38 reference GENCODE (p7) annotation (v25) using Tophat (v2.1.1),Sequenced reads were mapped to GRCh38 reference GENCODE (p7) annotation (v25) using Tophat (v2.1.1),Sequenced reads were mapped to GRCh38 reference GENCODE (p7) annotation (v25) using Tophat (v2.1.1),Sequenced reads were mapped to GRCh38 reference GENCODE (p7) annotation (v25) using Tophat (v2.1.1),Sequenced reads were mapped to GRCh38 reference GENCODE (p7) annotation (v25) using Tophat (v2.1.1)
!Sample_data_processing,Reads counts are obtained using featureCounts from SubRead (v1.6.4),Reads counts are obtained using featureCounts from SubRead (v1.6.4),Reads counts are obtained using featureCounts from SubRead (v1.6.4),Reads counts are obtained using featureCounts from SubRead (v1.6.4),Reads counts are obtained using featureCounts from SubRead (v1.6.4),Reads counts are obtained using featureCounts from SubRead (v1.6.4),Reads counts are obtained using featureCounts from SubRead (v1.6.4),Reads counts are obtained using featureCounts from SubRead (v1.6.4),Reads counts are obtained using featureCounts from SubRead (v1.6.4),Reads counts are obtained using featureCounts from SubRead (v1.6.4),Reads counts are obtained using featureCounts from SubRead (v1.6.4),Reads counts are obtained using featureCounts from SubRead (v1.6.4),Reads counts are obtained using featureCounts from SubRead (v1.6.4),Reads counts are obtained using featureCounts from SubRead (v1.6.4),Reads counts are obtained using featureCounts from SubRead (v1.6.4),Reads counts are obtained using featureCounts from SubRead (v1.6.4),Reads counts are obtained using featureCounts from SubRead (v1.6.4),Reads counts are obtained using featureCounts from SubRead (v1.6.4),Reads counts are obtained using featureCounts from SubRead (v1.6.4),Reads counts are obtained using featureCounts from SubRead (v1.6.4),Reads counts are obtained using featureCounts from SubRead (v1.6.4),Reads counts are obtained using featureCounts from SubRead (v1.6.4),Reads counts are obtained using featureCounts from SubRead (v1.6.4),Reads counts are obtained using featureCounts from SubRead (v1.6.4),Reads counts are obtained using featureCounts from SubRead (v1.6.4),Reads counts are obtained using featureCounts from SubRead (v1.6.4),Reads counts are obtained using featureCounts from SubRead (v1.6.4),Reads counts are obtained using featureCounts from SubRead (v1.6.4),Reads counts are obtained using featureCounts from SubRead (v1.6.4),Reads counts are obtained using featureCounts from SubRead (v1.6.4),Reads counts are obtained using featureCounts from SubRead (v1.6.4),Reads counts are obtained using featureCounts from SubRead (v1.6.4),Reads counts are obtained using featureCounts from SubRead (v1.6.4),Reads counts are obtained using featureCounts from SubRead (v1.6.4),Reads counts are obtained using featureCounts from SubRead (v1.6.4),Reads counts are obtained using featureCounts from SubRead (v1.6.4),Reads counts are obtained using featureCounts from SubRead (v1.6.4),Reads counts are obtained using featureCounts from SubRead (v1.6.4),Reads counts are obtained using featureCounts from SubRead (v1.6.4),Reads counts are obtained using featureCounts from SubRead (v1.6.4),Reads counts are obtained using featureCounts from SubRead (v1.6.4),Reads counts are obtained using featureCounts from SubRead (v1.6.4),Reads counts are obtained using featureCounts from SubRead (v1.6.4),Reads counts are obtained using featureCounts from SubRead (v1.6.4),Reads counts are obtained using featureCounts from SubRead (v1.6.4),Reads counts are obtained using featureCounts from SubRead (v1.6.4),Reads counts are obtained using featureCounts from SubRead (v1.6.4),Reads counts are obtained using featureCounts from SubRead (v1.6.4),Reads counts are obtained using featureCounts from SubRead (v1.6.4),Reads counts are obtained using featureCounts from SubRead (v1.6.4),Reads counts are obtained using featureCounts from SubRead (v1.6.4),Reads counts are obtained using featureCounts from SubRead (v1.6.4),Reads counts are obtained using featureCounts from SubRead (v1.6.4),Reads counts are obtained using featureCounts from SubRead (v1.6.4),Reads counts are obtained using featureCounts from SubRead (v1.6.4),Reads counts are obtained using featureCounts from SubRead (v1.6.4),Reads counts are obtained using featureCounts from SubRead (v1.6.4)
!Sample_data_processing,Assembly: GRCh38.p7 GENCODE v25,Assembly: GRCh38.p7 GENCODE v25,Assembly: GRCh38.p7 GENCODE v25,Assembly: GRCh38.p7 GENCODE v25,Assembly: GRCh38.p7 GENCODE v25,Assembly: GRCh38.p7 GENCODE v25,Assembly: GRCh38.p7 GENCODE v25,Assembly: GRCh38.p7 GENCODE v25,Assembly: GRCh38.p7 GENCODE v25,Assembly: GRCh38.p7 GENCODE v25,Assembly: GRCh38.p7 GENCODE v25,Assembly: GRCh38.p7 GENCODE v25,Assembly: GRCh38.p7 GENCODE v25,Assembly: GRCh38.p7 GENCODE v25,Assembly: GRCh38.p7 GENCODE v25,Assembly: GRCh38.p7 GENCODE v25,Assembly: GRCh38.p7 GENCODE v25,Assembly: GRCh38.p7 GENCODE v25,Assembly: GRCh38.p7 GENCODE v25,Assembly: GRCh38.p7 GENCODE v25,Assembly: GRCh38.p7 GENCODE v25,Assembly: GRCh38.p7 GENCODE v25,Assembly: GRCh38.p7 GENCODE v25,Assembly: GRCh38.p7 GENCODE v25,Assembly: GRCh38.p7 GENCODE v25,Assembly: GRCh38.p7 GENCODE v25,Assembly: GRCh38.p7 GENCODE v25,Assembly: GRCh38.p7 GENCODE v25,Assembly: GRCh38.p7 GENCODE v25,Assembly: GRCh38.p7 GENCODE v25,Assembly: GRCh38.p7 GENCODE v25,Assembly: GRCh38.p7 GENCODE v25,Assembly: GRCh38.p7 GENCODE v25,Assembly: GRCh38.p7 GENCODE v25,Assembly: GRCh38.p7 GENCODE v25,Assembly: GRCh38.p7 GENCODE v25,Assembly: GRCh38.p7 GENCODE v25,Assembly: GRCh38.p7 GENCODE v25,Assembly: GRCh38.p7 GENCODE v25,Assembly: GRCh38.p7 GENCODE v25,Assembly: GRCh38.p7 GENCODE v25,Assembly: GRCh38.p7 GENCODE v25,Assembly: GRCh38.p7 GENCODE v25,Assembly: GRCh38.p7 GENCODE v25,Assembly: GRCh38.p7 GENCODE v25,Assembly: GRCh38.p7 GENCODE v25,Assembly: GRCh38.p7 GENCODE v25,Assembly: GRCh38.p7 GENCODE v25,Assembly: GRCh38.p7 GENCODE v25,Assembly: GRCh38.p7 GENCODE v25,Assembly: GRCh38.p7 GENCODE v25,Assembly: GRCh38.p7 GENCODE v25,Assembly: GRCh38.p7 GENCODE v25,Assembly: GRCh38.p7 GENCODE v25,Assembly: GRCh38.p7 GENCODE v25,Assembly: GRCh38.p7 GENCODE v25,Assembly: GRCh38.p7 GENCODE v25
!Sample_data_processing,Supplementary files format and content: csv file; raw counts,Supplementary files format and content: csv file; raw counts,Supplementary files format and content: csv file; raw counts,Supplementary files format and content: csv file; raw counts,Supplementary files format and content: csv file; raw counts,Supplementary files format and content: csv file; raw counts,Supplementary files format and content: csv file; raw counts,Supplementary files format and content: csv file; raw counts,Supplementary files format and content: csv file; raw counts,Supplementary files format and content: csv file; raw counts,Supplementary files format and content: csv file; raw counts,Supplementary files format and content: csv file; raw counts,Supplementary files format and content: csv file; raw counts,Supplementary files format and content: csv file; raw counts,Supplementary files format and content: csv file; raw counts,Supplementary files format and content: csv file; raw counts,Supplementary files format and content: csv file; raw counts,Supplementary files format and content: csv file; raw counts,Supplementary files format and content: csv file; raw counts,Supplementary files format and content: csv file; raw counts,Supplementary files format and content: csv file; raw counts,Supplementary files format and content: csv file; raw counts,Supplementary files format and content: csv file; raw counts,Supplementary files format and content: csv file; raw counts,Supplementary files format and content: csv file; raw counts,Supplementary files format and content: csv file; raw counts,Supplementary files format and content: csv file; raw counts,Supplementary files format and content: csv file; raw counts,Supplementary files format and content: csv file; raw counts,Supplementary files format and content: csv file; raw counts,Supplementary files format and content: csv file; raw counts,Supplementary files format and content: csv file; raw counts,Supplementary files format and content: csv file; raw counts,Supplementary files format and content: csv file; raw counts,Supplementary files format and content: csv file; raw counts,Supplementary files format and content: csv file; raw counts,Supplementary files format and content: csv file; raw counts,Supplementary files format and content: csv file; raw counts,Supplementary files format and content: csv file; raw counts,Supplementary files format and content: csv file; raw counts,Supplementary files format and content: csv file; raw counts,Supplementary files format and content: csv file; raw counts,Supplementary files format and content: csv file; raw counts,Supplementary files format and content: csv file; raw counts,Supplementary files format and content: csv file; raw counts,Supplementary files format and content: csv file; raw counts,Supplementary files format and content: csv file; raw counts,Supplementary files format and content: csv file; raw counts,Supplementary files format and content: csv file; raw counts,Supplementary files format and content: csv file; raw counts,Supplementary files format and content: csv file; raw counts,Supplementary files format and content: csv file; raw counts,Supplementary files format and content: csv file; raw counts,Supplementary files format and content: csv file; raw counts,Supplementary files format and content: csv file; raw counts,Supplementary files format and content: csv file; raw counts,Supplementary files format and content: csv file; raw counts
!Sample_platform_id,GPL24676,GPL24676,GPL24676,GPL24676,GPL24676,GPL24676,GPL24676,GPL24676,GPL24676,GPL24676,GPL24676,GPL24676,GPL24676,GPL24676,GPL24676,GPL24676,GPL24676,GPL24676,GPL24676,GPL24676,GPL24676,GPL24676,GPL24676,GPL24676,GPL24676,GPL24676,GPL24676,GPL24676,GPL24676,GPL24676,GPL24676,GPL24676,GPL24676,GPL24676,GPL24676,GPL24676,GPL24676,GPL24676,GPL24676,GPL24676,GPL24676,GPL24676,GPL24676,GPL24676,GPL24676,GPL24676,GPL24676,GPL24676,GPL24676,GPL24676,GPL24676,GPL24676,GPL24676,GPL24676,GPL24676,GPL24676,GPL24676
!Sample_contact_name,"Eduardo,,Cortes","Eduardo,,Cortes","Eduardo,,Cortes","Eduardo,,Cortes","Eduardo,,Cortes","Eduardo,,Cortes","Eduardo,,Cortes","Eduardo,,Cortes","Eduardo,,Cortes","Eduardo,,Cortes","Eduardo,,Cortes","Eduardo,,Cortes","Eduardo,,Cortes","Eduardo,,Cortes","Eduardo,,Cortes","Eduardo,,Cortes","Eduardo,,Cortes","Eduardo,,Cortes","Eduardo,,Cortes","Eduardo,,Cortes","Eduardo,,Cortes","Eduardo,,Cortes","Eduardo,,Cortes","Eduardo,,Cortes","Eduardo,,Cortes","Eduardo,,Cortes","Eduardo,,Cortes","Eduardo,,Cortes","Eduardo,,Cortes","Eduardo,,Cortes","Eduardo,,Cortes","Eduardo,,Cortes","Eduardo,,Cortes","Eduardo,,Cortes","Eduardo,,Cortes","Eduardo,,Cortes","Eduardo,,Cortes","Eduardo,,Cortes","Eduardo,,Cortes","Eduardo,,Cortes","Eduardo,,Cortes","Eduardo,,Cortes","Eduardo,,Cortes","Eduardo,,Cortes","Eduardo,,Cortes","Eduardo,,Cortes","Eduardo,,Cortes","Eduardo,,Cortes","Eduardo,,Cortes","Eduardo,,Cortes","Eduardo,,Cortes","Eduardo,,Cortes","Eduardo,,Cortes","Eduardo,,Cortes","Eduardo,,Cortes","Eduardo,,Cortes","Eduardo,,Cortes"
!Sample_contact_email,eduardo.cortesgomez@roswellpark.org,eduardo.cortesgomez@roswellpark.org,eduardo.cortesgomez@roswellpark.org,eduardo.cortesgomez@roswellpark.org,eduardo.cortesgomez@roswellpark.org,eduardo.cortesgomez@roswellpark.org,eduardo.cortesgomez@roswellpark.org,eduardo.cortesgomez@roswellpark.org,eduardo.cortesgomez@roswellpark.org,eduardo.cortesgomez@roswellpark.org,eduardo.cortesgomez@roswellpark.org,eduardo.cortesgomez@roswellpark.org,eduardo.cortesgomez@roswellpark.org,eduardo.cortesgomez@roswellpark.org,eduardo.cortesgomez@roswellpark.org,eduardo.cortesgomez@roswellpark.org,eduardo.cortesgomez@roswellpark.org,eduardo.cortesgomez@roswellpark.org,eduardo.cortesgomez@roswellpark.org,eduardo.cortesgomez@roswellpark.org,eduardo.cortesgomez@roswellpark.org,eduardo.cortesgomez@roswellpark.org,eduardo.cortesgomez@roswellpark.org,eduardo.cortesgomez@roswellpark.org,eduardo.cortesgomez@roswellpark.org,eduardo.cortesgomez@roswellpark.org,eduardo.cortesgomez@roswellpark.org,eduardo.cortesgomez@roswellpark.org,eduardo.cortesgomez@roswellpark.org,eduardo.cortesgomez@roswellpark.org,eduardo.cortesgomez@roswellpark.org,eduardo.cortesgomez@roswellpark.org,eduardo.cortesgomez@roswellpark.org,eduardo.cortesgomez@roswellpark.org,eduardo.cortesgomez@roswellpark.org,eduardo.cortesgomez@roswellpark.org,eduardo.cortesgomez@roswellpark.org,eduardo.cortesgomez@roswellpark.org,eduardo.cortesgomez@roswellpark.org,eduardo.cortesgomez@roswellpark.org,eduardo.cortesgomez@roswellpark.org,eduardo.cortesgomez@roswellpark.org,eduardo.cortesgomez@roswellpark.org,eduardo.cortesgomez@roswellpark.org,eduardo.cortesgomez@roswellpark.org,eduardo.cortesgomez@roswellpark.org,eduardo.cortesgomez@roswellpark.org,eduardo.cortesgomez@roswellpark.org,eduardo.cortesgomez@roswellpark.org,eduardo.cortesgomez@roswellpark.org,eduardo.cortesgomez@roswellpark.org,eduardo.cortesgomez@roswellpark.org,eduardo.cortesgomez@roswellpark.org,eduardo.cortesgomez@roswellpark.org,eduardo.cortesgomez@roswellpark.org,eduardo.cortesgomez@roswellpark.org,eduardo.cortesgomez@roswellpark.org
!Sample_contact_department,Biostatistics and Bioinformatics,Biostatistics and Bioinformatics,Biostatistics and Bioinformatics,Biostatistics and Bioinformatics,Biostatistics and Bioinformatics,Biostatistics and Bioinformatics,Biostatistics and Bioinformatics,Biostatistics and Bioinformatics,Biostatistics and Bioinformatics,Biostatistics and Bioinformatics,Biostatistics and Bioinformatics,Biostatistics and Bioinformatics,Biostatistics and Bioinformatics,Biostatistics and Bioinformatics,Biostatistics and Bioinformatics,Biostatistics and Bioinformatics,Biostatistics and Bioinformatics,Biostatistics and Bioinformatics,Biostatistics and Bioinformatics,Biostatistics and Bioinformatics,Biostatistics and Bioinformatics,Biostatistics and Bioinformatics,Biostatistics and Bioinformatics,Biostatistics and Bioinformatics,Biostatistics and Bioinformatics,Biostatistics and Bioinformatics,Biostatistics and Bioinformatics,Biostatistics and Bioinformatics,Biostatistics and Bioinformatics,Biostatistics and Bioinformatics,Biostatistics and Bioinformatics,Biostatistics and Bioinformatics,Biostatistics and Bioinformatics,Biostatistics and Bioinformatics,Biostatistics and Bioinformatics,Biostatistics and Bioinformatics,Biostatistics and Bioinformatics,Biostatistics and Bioinformatics,Biostatistics and Bioinformatics,Biostatistics and Bioinformatics,Biostatistics and Bioinformatics,Biostatistics and Bioinformatics,Biostatistics and Bioinformatics,Biostatistics and Bioinformatics,Biostatistics and Bioinformatics,Biostatistics and Bioinformatics,Biostatistics and Bioinformatics,Biostatistics and Bioinformatics,Biostatistics and Bioinformatics,Biostatistics and Bioinformatics,Biostatistics and Bioinformatics,Biostatistics and Bioinformatics,Biostatistics and Bioinformatics,Biostatistics and Bioinformatics,Biostatistics and Bioinformatics,Biostatistics and Bioinformatics,Biostatistics and Bioinformatics
!Sample_contact_institute,ROSWELL PARK CANCER INSTITUTE,ROSWELL PARK CANCER INSTITUTE,ROSWELL PARK CANCER INSTITUTE,ROSWELL PARK CANCER INSTITUTE,ROSWELL PARK CANCER INSTITUTE,ROSWELL PARK CANCER INSTITUTE,ROSWELL PARK CANCER INSTITUTE,ROSWELL PARK CANCER INSTITUTE,ROSWELL PARK CANCER INSTITUTE,ROSWELL PARK CANCER INSTITUTE,ROSWELL PARK CANCER INSTITUTE,ROSWELL PARK CANCER INSTITUTE,ROSWELL PARK CANCER INSTITUTE,ROSWELL PARK CANCER INSTITUTE,ROSWELL PARK CANCER INSTITUTE,ROSWELL PARK CANCER INSTITUTE,ROSWELL PARK CANCER INSTITUTE,ROSWELL PARK CANCER INSTITUTE,ROSWELL PARK CANCER INSTITUTE,ROSWELL PARK CANCER INSTITUTE,ROSWELL PARK CANCER INSTITUTE,ROSWELL PARK CANCER INSTITUTE,ROSWELL PARK CANCER INSTITUTE,ROSWELL PARK CANCER INSTITUTE,ROSWELL PARK CANCER INSTITUTE,ROSWELL PARK CANCER INSTITUTE,ROSWELL PARK CANCER INSTITUTE,ROSWELL PARK CANCER INSTITUTE,ROSWELL PARK CANCER INSTITUTE,ROSWELL PARK CANCER INSTITUTE,ROSWELL PARK CANCER INSTITUTE,ROSWELL PARK CANCER INSTITUTE,ROSWELL PARK CANCER INSTITUTE,ROSWELL PARK CANCER INSTITUTE,ROSWELL PARK CANCER INSTITUTE,ROSWELL PARK CANCER INSTITUTE,ROSWELL PARK CANCER INSTITUTE,ROSWELL PARK CANCER INSTITUTE,ROSWELL PARK CANCER INSTITUTE,ROSWELL PARK CANCER INSTITUTE,ROSWELL PARK CANCER INSTITUTE,ROSWELL PARK CANCER INSTITUTE,ROSWELL PARK CANCER INSTITUTE,ROSWELL PARK CANCER INSTITUTE,ROSWELL PARK CANCER INSTITUTE,ROSWELL PARK CANCER INSTITUTE,ROSWELL PARK CANCER INSTITUTE,ROSWELL PARK CANCER INSTITUTE,ROSWELL PARK CANCER INSTITUTE,ROSWELL PARK CANCER INSTITUTE,ROSWELL PARK CANCER INSTITUTE,ROSWELL PARK CANCER INSTITUTE,ROSWELL PARK CANCER INSTITUTE,ROSWELL PARK CANCER INSTITUTE,ROSWELL PARK CANCER INSTITUTE,ROSWELL PARK CANCER INSTITUTE,ROSWELL PARK CANCER INSTITUTE
!Sample_contact_address,ELM AND CARLTON STREETS,ELM AND CARLTON STREETS,ELM AND CARLTON STREETS,ELM AND CARLTON STREETS,ELM AND CARLTON STREETS,ELM AND CARLTON STREETS,ELM AND CARLTON STREETS,ELM AND CARLTON STREETS,ELM AND CARLTON STREETS,ELM AND CARLTON STREETS,ELM AND CARLTON STREETS,ELM AND CARLTON STREETS,ELM AND CARLTON STREETS,ELM AND CARLTON STREETS,ELM AND CARLTON STREETS,ELM AND CARLTON STREETS,ELM AND CARLTON STREETS,ELM AND CARLTON STREETS,ELM AND CARLTON STREETS,ELM AND CARLTON STREETS,ELM AND CARLTON STREETS,ELM AND CARLTON STREETS,ELM AND CARLTON STREETS,ELM AND CARLTON STREETS,ELM AND CARLTON STREETS,ELM AND CARLTON STREETS,ELM AND CARLTON STREETS,ELM AND CARLTON STREETS,ELM AND CARLTON STREETS,ELM AND CARLTON STREETS,ELM AND CARLTON STREETS,ELM AND CARLTON STREETS,ELM AND CARLTON STREETS,ELM AND CARLTON STREETS,ELM AND CARLTON STREETS,ELM AND CARLTON STREETS,ELM AND CARLTON STREETS,ELM AND CARLTON STREETS,ELM AND CARLTON STREETS,ELM AND CARLTON STREETS,ELM AND CARLTON STREETS,ELM AND CARLTON STREETS,ELM AND CARLTON STREETS,ELM AND CARLTON STREETS,ELM AND CARLTON STREETS,ELM AND CARLTON STREETS,ELM AND CARLTON STREETS,ELM AND CARLTON STREETS,ELM AND CARLTON STREETS,ELM AND CARLTON STREETS,ELM AND CARLTON STREETS,ELM AND CARLTON STREETS,ELM AND CARLTON STREETS,ELM AND CARLTON STREETS,ELM AND CARLTON STREETS,ELM AND CARLTON STREETS,ELM AND CARLTON STREETS
!Sample_contact_city,BUFFALO,BUFFALO,BUFFALO,BUFFALO,BUFFALO,BUFFALO,BUFFALO,BUFFALO,BUFFALO,BUFFALO,BUFFALO,BUFFALO,BUFFALO,BUFFALO,BUFFALO,BUFFALO,BUFFALO,BUFFALO,BUFFALO,BUFFALO,BUFFALO,BUFFALO,BUFFALO,BUFFALO,BUFFALO,BUFFALO,BUFFALO,BUFFALO,BUFFALO,BUFFALO,BUFFALO,BUFFALO,BUFFALO,BUFFALO,BUFFALO,BUFFALO,BUFFALO,BUFFALO,BUFFALO,BUFFALO,BUFFALO,BUFFALO,BUFFALO,BUFFALO,BUFFALO,BUFFALO,BUFFALO,BUFFALO,BUFFALO,BUFFALO,BUFFALO,BUFFALO,BUFFALO,BUFFALO,BUFFALO,BUFFALO,BUFFALO
!Sample_contact_state,NY,NY,NY,NY,NY,NY,NY,NY,NY,NY,NY,NY,NY,NY,NY,NY,NY,NY,NY,NY,NY,NY,NY,NY,NY,NY,NY,NY,NY,NY,NY,NY,NY,NY,NY,NY,NY,NY,NY,NY,NY,NY,NY,NY,NY,NY,NY,NY,NY,NY,NY,NY,NY,NY,NY,NY,NY
!Sample_contact_zip/postal_code,14263,14263,14263,14263,14263,14263,14263,14263,14263,14263,14263,14263,14263,14263,14263,14263,14263,14263,14263,14263,14263,14263,14263,14263,14263,14263,14263,14263,14263,14263,14263,14263,14263,14263,14263,14263,14263,14263,14263,14263,14263,14263,14263,14263,14263,14263,14263,14263,14263,14263,14263,14263,14263,14263,14263,14263,14263
!Sample_contact_country,USA,USA,USA,USA,USA,USA,USA,USA,USA,USA,USA,USA,USA,USA,USA,USA,USA,USA,USA,USA,USA,USA,USA,USA,USA,USA,USA,USA,USA,USA,USA,USA,USA,USA,USA,USA,USA,USA,USA,USA,USA,USA,USA,USA,USA,USA,USA,USA,USA,USA,USA,USA,USA,USA,USA,USA,USA
!Sample_data_row_count,0,0,0,0,0,0,0,0,0,0,0,0,0,0,0,0,0,0,0,0,0,0,0,0,0,0,0,0,0,0,0,0,0,0,0,0,0,0,0,0,0,0,0,0,0,0,0,0,0,0,0,0,0,0,0,0,0
!Sample_instrument_model,Illumina NovaSeq 6000,Illumina NovaSeq 6000,Illumina NovaSeq 6000,Illumina NovaSeq 6000,Illumina NovaSeq 6000,Illumina NovaSeq 6000,Illumina NovaSeq 6000,Illumina NovaSeq 6000,Illumina NovaSeq 6000,Illumina NovaSeq 6000,Illumina NovaSeq 6000,Illumina NovaSeq 6000,Illumina NovaSeq 6000,Illumina NovaSeq 6000,Illumina NovaSeq 6000,Illumina NovaSeq 6000,Illumina NovaSeq 6000,Illumina NovaSeq 6000,Illumina NovaSeq 6000,Illumina NovaSeq 6000,Illumina NovaSeq 6000,Illumina NovaSeq 6000,Illumina NovaSeq 6000,Illumina NovaSeq 6000,Illumina NovaSeq 6000,Illumina NovaSeq 6000,Illumina NovaSeq 6000,Illumina NovaSeq 6000,Illumina NovaSeq 6000,Illumina NovaSeq 6000,Illumina NovaSeq 6000,Illumina NovaSeq 6000,Illumina NovaSeq 6000,Illumina NovaSeq 6000,Illumina NovaSeq 6000,Illumina NovaSeq 6000,Illumina NovaSeq 6000,Illumina NovaSeq 6000,Illumina NovaSeq 6000,Illumina NovaSeq 6000,Illumina NovaSeq 6000,Illumina NovaSeq 6000,Illumina NovaSeq 6000,Illumina NovaSeq 6000,Illumina NovaSeq 6000,Illumina NovaSeq 6000,Illumina NovaSeq 6000,Illumina NovaSeq 6000,Illumina NovaSeq 6000,Illumina NovaSeq 6000,Illumina NovaSeq 6000,Illumina NovaSeq 6000,Illumina NovaSeq 6000,Illumina NovaSeq 6000,Illumina NovaSeq 6000,Illumina NovaSeq 6000,Illumina NovaSeq 6000
!Sample_library_selection,cDNA,cDNA,cDNA,cDNA,cDNA,cDNA,cDNA,cDNA,cDNA,cDNA,cDNA,cDNA,cDNA,cDNA,cDNA,cDNA,cDNA,cDNA,cDNA,cDNA,cDNA,cDNA,cDNA,cDNA,cDNA,cDNA,cDNA,cDNA,cDNA,cDNA,cDNA,cDNA,cDNA,cDNA,cDNA,cDNA,cDNA,cDNA,cDNA,cDNA,cDNA,cDNA,cDNA,cDNA,cDNA,cDNA,cDNA,cDNA,cDNA,cDNA,cDNA,cDNA,cDNA,cDNA,cDNA,cDNA,cDNA
!Sample_library_source,transcriptomic,transcriptomic,transcriptomic,transcriptomic,transcriptomic,transcriptomic,transcriptomic,transcriptomic,transcriptomic,transcriptomic,transcriptomic,transcriptomic,transcriptomic,transcriptomic,transcriptomic,transcriptomic,transcriptomic,transcriptomic,transcriptomic,transcriptomic,transcriptomic,transcriptomic,transcriptomic,transcriptomic,transcriptomic,transcriptomic,transcriptomic,transcriptomic,transcriptomic,transcriptomic,transcriptomic,transcriptomic,transcriptomic,transcriptomic,transcriptomic,transcriptomic,transcriptomic,transcriptomic,transcriptomic,transcriptomic,transcriptomic,transcriptomic,transcriptomic,transcriptomic,transcriptomic,transcriptomic,transcriptomic,transcriptomic,transcriptomic,transcriptomic,transcriptomic,transcriptomic,transcriptomic,transcriptomic,transcriptomic,transcriptomic,transcriptomic
!Sample_library_strategy,RNA-Seq,RNA-Seq,RNA-Seq,RNA-Seq,RNA-Seq,RNA-Seq,RNA-Seq,RNA-Seq,RNA-Seq,RNA-Seq,RNA-Seq,RNA-Seq,RNA-Seq,RNA-Seq,RNA-Seq,RNA-Seq,RNA-Seq,RNA-Seq,RNA-Seq,RNA-Seq,RNA-Seq,RNA-Seq,RNA-Seq,RNA-Seq,RNA-Seq,RNA-Seq,RNA-Seq,RNA-Seq,RNA-Seq,RNA-Seq,RNA-Seq,RNA-Seq,RNA-Seq,RNA-Seq,RNA-Seq,RNA-Seq,RNA-Seq,RNA-Seq,RNA-Seq,RNA-Seq,RNA-Seq,RNA-Seq,RNA-Seq,RNA-Seq,RNA-Seq,RNA-Seq,RNA-Seq,RNA-Seq,RNA-Seq,RNA-Seq,RNA-Seq,RNA-Seq,RNA-Seq,RNA-Seq,RNA-Seq,RNA-Seq,RNA-Seq
!Sample_relation,BioSample: https://www.ncbi.nlm.nih.gov/biosample/SAMN29199263,BioSample: https://www.ncbi.nlm.nih.gov/biosample/SAMN29199262,BioSample: https://www.ncbi.nlm.nih.gov/biosample/SAMN29199261,BioSample: https://www.ncbi.nlm.nih.gov/biosample/SAMN29199260,BioSample: https://www.ncbi.nlm.nih.gov/biosample/SAMN29199259,BioSample: https://www.ncbi.nlm.nih.gov/biosample/SAMN29199256,BioSample: https://www.ncbi.nlm.nih.gov/biosample/SAMN29199255,BioSample: https://www.ncbi.nlm.nih.gov/biosample/SAMN29199254,BioSample: https://www.ncbi.nlm.nih.gov/biosample/SAMN29199253,BioSample: https://www.ncbi.nlm.nih.gov/biosample/SAMN29199251,BioSample: https://www.ncbi.nlm.nih.gov/biosample/SAMN29199250,BioSample: https://www.ncbi.nlm.nih.gov/biosample/SAMN29199248,BioSample: https://www.ncbi.nlm.nih.gov/biosample/SAMN29199247,BioSample: https://www.ncbi.nlm.nih.gov/biosample/SAMN29199246,BioSample: https://www.ncbi.nlm.nih.gov/biosample/SAMN29199245,BioSample: https://www.ncbi.nlm.nih.gov/biosample/SAMN29199243,BioSample: https://www.ncbi.nlm.nih.gov/biosample/SAMN29199242,BioSample: https://www.ncbi.nlm.nih.gov/biosample/SAMN29199241,BioSample: https://www.ncbi.nlm.nih.gov/biosample/SAMN29199240,BioSample: https://www.ncbi.nlm.nih.gov/biosample/SAMN29199239,BioSample: https://www.ncbi.nlm.nih.gov/biosample/SAMN29199238,BioSample: https://www.ncbi.nlm.nih.gov/biosample/SAMN29199237,BioSample: https://www.ncbi.nlm.nih.gov/biosample/SAMN29199236,BioSample: https://www.ncbi.nlm.nih.gov/biosample/SAMN29199234,BioSample: https://www.ncbi.nlm.nih.gov/biosample/SAMN29199232,BioSample: https://www.ncbi.nlm.nih.gov/biosample/SAMN29199230,BioSample: https://www.ncbi.nlm.nih.gov/biosample/SAMN29199229,BioSample: https://www.ncbi.nlm.nih.gov/biosample/SAMN29199228,BioSample: https://www.ncbi.nlm.nih.gov/biosample/SAMN29199227,BioSample: https://www.ncbi.nlm.nih.gov/biosample/SAMN29199226,BioSample: https://www.ncbi.nlm.nih.gov/biosample/SAMN29199225,BioSample: https://www.ncbi.nlm.nih.gov/biosample/SAMN29199224,BioSample: https://www.ncbi.nlm.nih.gov/biosample/SAMN29199223,BioSample: https://www.ncbi.nlm.nih.gov/biosample/SAMN29199221,BioSample: https://www.ncbi.nlm.nih.gov/biosample/SAMN29199220,BioSample: https://www.ncbi.nlm.nih.gov/biosample/SAMN29199219,BioSample: https://www.ncbi.nlm.nih.gov/biosample/SAMN29199218,BioSample: https://www.ncbi.nlm.nih.gov/biosample/SAMN29199216,BioSample: https://www.ncbi.nlm.nih.gov/biosample/SAMN29199215,BioSample: https://www.ncbi.nlm.nih.gov/biosample/SAMN29199214,BioSample: https://www.ncbi.nlm.nih.gov/biosample/SAMN29199213,BioSample: https://www.ncbi.nlm.nih.gov/biosample/SAMN29199211,BioSample: https://www.ncbi.nlm.nih.gov/biosample/SAMN29199210,BioSample: https://www.ncbi.nlm.nih.gov/biosample/SAMN29199209,BioSample: https://www.ncbi.nlm.nih.gov/biosample/SAMN29199207,BioSample: https://www.ncbi.nlm.nih.gov/biosample/SAMN29199206,BioSample: https://www.ncbi.nlm.nih.gov/biosample/SAMN29199205,BioSample: https://www.ncbi.nlm.nih.gov/biosample/SAMN29199204,BioSample: https://www.ncbi.nlm.nih.gov/biosample/SAMN29199203,BioSample: https://www.ncbi.nlm.nih.gov/biosample/SAMN29199201,BioSample: https://www.ncbi.nlm.nih.gov/biosample/SAMN29199199,BioSample: https://www.ncbi.nlm.nih.gov/biosample/SAMN29199198,BioSample: https://www.ncbi.nlm.nih.gov/biosample/SAMN29199196,BioSample: https://www.ncbi.nlm.nih.gov/biosample/SAMN29199195,BioSample: https://www.ncbi.nlm.nih.gov/biosample/SAMN29199193,BioSample: https://www.ncbi.nlm.nih.gov/biosample/SAMN29199192,BioSample: https://www.ncbi.nlm.nih.gov/biosample/SAMN29199191
!Sample_relation,SRA: https://www.ncbi.nlm.nih.gov/sra?term=SRX15791290,SRA: https://www.ncbi.nlm.nih.gov/sra?term=SRX15791291,SRA: https://www.ncbi.nlm.nih.gov/sra?term=SRX15791292,SRA: https://www.ncbi.nlm.nih.gov/sra?term=SRX15791293,SRA: https://www.ncbi.nlm.nih.gov/sra?term=SRX15791294,SRA: https://www.ncbi.nlm.nih.gov/sra?term=SRX15791297,SRA: https://www.ncbi.nlm.nih.gov/sra?term=SRX15791298,SRA: https://www.ncbi.nlm.nih.gov/sra?term=SRX15791299,SRA: https://www.ncbi.nlm.nih.gov/sra?term=SRX15791300,SRA: https://www.ncbi.nlm.nih.gov/sra?term=SRX15791302,SRA: https://www.ncbi.nlm.nih.gov/sra?term=SRX15791303,SRA: https://www.ncbi.nlm.nih.gov/sra?term=SRX15791305,SRA: https://www.ncbi.nlm.nih.gov/sra?term=SRX15791306,SRA: https://www.ncbi.nlm.nih.gov/sra?term=SRX15791307,SRA: https://www.ncbi.nlm.nih.gov/sra?term=SRX15791324,SRA: https://www.ncbi.nlm.nih.gov/sra?term=SRX15791326,SRA: https://www.ncbi.nlm.nih.gov/sra?term=SRX15791327,SRA: https://www.ncbi.nlm.nih.gov/sra?term=SRX15791328,SRA: https://www.ncbi.nlm.nih.gov/sra?term=SRX15791329,SRA: https://www.ncbi.nlm.nih.gov/sra?term=SRX15791330,SRA: https://www.ncbi.nlm.nih.gov/sra?term=SRX15791331,SRA: https://www.ncbi.nlm.nih.gov/sra?term=SRX15791332,SRA: https://www.ncbi.nlm.nih.gov/sra?term=SRX15791333,SRA: https://www.ncbi.nlm.nih.gov/sra?term=SRX15791335,SRA: https://www.ncbi.nlm.nih.gov/sra?term=SRX15791337,SRA: https://www.ncbi.nlm.nih.gov/sra?term=SRX15791339,SRA: https://www.ncbi.nlm.nih.gov/sra?term=SRX15791340,SRA: https://www.ncbi.nlm.nih.gov/sra?term=SRX15791341,SRA: https://www.ncbi.nlm.nih.gov/sra?term=SRX15791342,SRA: https://www.ncbi.nlm.nih.gov/sra?term=SRX15791343,SRA: https://www.ncbi.nlm.nih.gov/sra?term=SRX15791344,SRA: https://www.ncbi.nlm.nih.gov/sra?term=SRX15791345,SRA: https://www.ncbi.nlm.nih.gov/sra?term=SRX15791346,SRA: https://www.ncbi.nlm.nih.gov/sra?term=SRX15791348,SRA: https://www.ncbi.nlm.nih.gov/sra?term=SRX15791349,SRA: https://www.ncbi.nlm.nih.gov/sra?term=SRX15791350,SRA: https://www.ncbi.nlm.nih.gov/sra?term=SRX15791351,SRA: https://www.ncbi.nlm.nih.gov/sra?term=SRX15791353,SRA: https://www.ncbi.nlm.nih.gov/sra?term=SRX15791354,SRA: https://www.ncbi.nlm.nih.gov/sra?term=SRX15791355,SRA: https://www.ncbi.nlm.nih.gov/sra?term=SRX15791308,SRA: https://www.ncbi.nlm.nih.gov/sra?term=SRX15791310,SRA: https://www.ncbi.nlm.nih.gov/sra?term=SRX15791311,SRA: https://www.ncbi.nlm.nih.gov/sra?term=SRX15791312,SRA: https://www.ncbi.nlm.nih.gov/sra?term=SRX15791314,SRA: https://www.ncbi.nlm.nih.gov/sra?term=SRX15791315,SRA: https://www.ncbi.nlm.nih.gov/sra?term=SRX15791316,SRA: https://www.ncbi.nlm.nih.gov/sra?term=SRX15791317,SRA: https://www.ncbi.nlm.nih.gov/sra?term=SRX15791318,SRA: https://www.ncbi.nlm.nih.gov/sra?term=SRX15791320,SRA: https://www.ncbi.nlm.nih.gov/sra?term=SRX15791322,SRA: https://www.ncbi.nlm.nih.gov/sra?term=SRX15791323,SRA: https://www.ncbi.nlm.nih.gov/sra?term=SRX15791357,SRA: https://www.ncbi.nlm.nih.gov/sra?term=SRX15791358,SRA: https://www.ncbi.nlm.nih.gov/sra?term=SRX15791360,SRA: https://www.ncbi.nlm.nih.gov/sra?term=SRX15791361,SRA: https://www.ncbi.nlm.nih.gov/sra?term=SRX15791362
!Sample_supplementary_file_1,NONE,NONE,NONE,NONE,NONE,NONE,NONE,NONE,NONE,NONE,NONE,NONE,NONE,NONE,NONE,NONE,NONE,NONE,NONE,NONE,NONE,NONE,NONE,NONE,NONE,NONE,NONE,NONE,NONE,NONE,NONE,NONE,NONE,NONE,NONE,NONE,NONE,NONE,NONE,NONE,NONE,NONE,NONE,NONE,NONE,NONE,NONE,NONE,NONE,NONE,NONE,NONE,NONE,NONE,NONE,NONE,NONE
!series_matrix_table_begin,,,,,,,,,,,,,,,,,,,,,,,,,,,,,,,,,,,,,,,,,,,,,,,,,,,,,,,,,
ID_REF,GSM6253445,GSM6253446,GSM6253447,GSM6253448,GSM6253449,GSM6253452,GSM6253453,GSM6253454,GSM6253455,GSM6253457,GSM6253458,GSM6253460,GSM6253461,GSM6253462,GSM6253463,GSM6253465,GSM6253466,GSM6253467,GSM6253468,GSM6253469,GSM6253470,GSM6253471,GSM6253472,GSM6253474,GSM6253476,GSM6253478,GSM6253479,GSM6253480,GSM6253481,GSM6253482,GSM6253483,GSM6253484,GSM6253485,GSM6253487,GSM6253488,GSM6253489,GSM6253490,GSM6253492,GSM6253493,GSM6253494,GSM6253495,GSM6253497,GSM6253498,GSM6253499,GSM6253501,GSM6253502,GSM6253503,GSM6253504,GSM6253505,GSM6253507,GSM6253509,GSM6253510,GSM6253512,GSM6253513,GSM6253515,GSM6253516,GSM6253517
!series_matrix_table_end,,,,,,,,,,,,,,,,,,,,,,,,,,,,,,,,,,,,,,,,,,,,,,,,,,,,,,,,,
